context,img_id,img_file,description,article_text,sighted_overall,sighted_relevance,sighted_reconstruct,blv_overall,blv_relevance,blv_reconstruct,clipscore,context_sim
Advertising,soccer_in_progress13,"1599px-20191002_Fußball,_Männer,_UEFA_Champions_League,_RB_Leipzig_-_Olympique_Lyonnais_by_Stepro_StP_0278.jpg","At a soccer match, advertisements for companies are placed on the boards alongside the field.","Advertising is a marketing communication that employs an openly sponsored, non-personal message to promote or sell a product, service or idea. Sponsors of advertising are typically businesses wishing to promote their products or services. Advertising is differentiated from public relations in that an advertiser pays for and has control over the message. It differs from personal selling in that the message is non-personal, i.e., not directed to a particular individual. Advertising is communicated through various mass media, including traditional media such as newspapers, magazines, television, radio, outdoor advertising or direct mail; and new media such as search results, blogs, social media, websites or text messages. The actual presentation of the message in a medium is referred to as an advertisement: advert or ad for short.",4.4,4.2,4.4,,,,0.5670185759663582,0.5231035947799683
Advertising,soccer_in_progress1,"1599px-Georgios_Ntaviotis_&_Daniel_Souček,_U21_CZE-GRE_2019-10-10.jpg",One football player is kneeling while one on another team stands behind him. The ball is flying through the air and the seats are full of fans,"Advertising is a marketing communication that employs an openly sponsored, non-personal message to promote or sell a product, service or idea. Sponsors of advertising are typically businesses wishing to promote their products or services. Advertising is differentiated from public relations in that an advertiser pays for and has control over the message. It differs from personal selling in that the message is non-personal, i.e., not directed to a particular individual. Advertising is communicated through various mass media, including traditional media such as newspapers, magazines, television, radio, outdoor advertising or direct mail; and new media such as search results, blogs, social media, websites or text messages. The actual presentation of the message in a medium is referred to as an advertisement: advert or ad for short.",3.625,2.75,4.375,3.5,3.0,4.0,0.6561622023582458,0.1209941878914833
Advertising,soccer_in_progress13,"1599px-20191002_Fußball,_Männer,_UEFA_Champions_League,_RB_Leipzig_-_Olympique_Lyonnais_by_Stepro_StP_0278.jpg",This is a picture of a soccer stadium. A team is cheering next to a bunch of ad banners.,"Advertising is a marketing communication that employs an openly sponsored, non-personal message to promote or sell a product, service or idea. Sponsors of advertising are typically businesses wishing to promote their products or services. Advertising is differentiated from public relations in that an advertiser pays for and has control over the message. It differs from personal selling in that the message is non-personal, i.e., not directed to a particular individual. Advertising is communicated through various mass media, including traditional media such as newspapers, magazines, television, radio, outdoor advertising or direct mail; and new media such as search results, blogs, social media, websites or text messages. The actual presentation of the message in a medium is referred to as an advertisement: advert or ad for short.",3.3333333333333335,3.5,4.166666666666667,3.0,3.0,3.5,0.6108367070555687,0.3851425051689148
Advertising,soccer_in_progress13,"1599px-20191002_Fußball,_Männer,_UEFA_Champions_League,_RB_Leipzig_-_Olympique_Lyonnais_by_Stepro_StP_0278.jpg",Football players celebrating a win.,"Advertising is a marketing communication that employs an openly sponsored, non-personal message to promote or sell a product, service or idea. Sponsors of advertising are typically businesses wishing to promote their products or services. Advertising is differentiated from public relations in that an advertiser pays for and has control over the message. It differs from personal selling in that the message is non-personal, i.e., not directed to a particular individual. Advertising is communicated through various mass media, including traditional media such as newspapers, magazines, television, radio, outdoor advertising or direct mail; and new media such as search results, blogs, social media, websites or text messages. The actual presentation of the message in a medium is referred to as an advertisement: advert or ad for short.",3.0,2.6666666666666665,3.3333333333333335,,,,0.5891481786966324,0.11222639679908752
Advertising,soccer_in_progress1,"1599px-Georgios_Ntaviotis_&_Daniel_Souček,_U21_CZE-GRE_2019-10-10.jpg",A soccer field showing advertising billboards in the background.,"Advertising is a marketing communication that employs an openly sponsored, non-personal message to promote or sell a product, service or idea. Sponsors of advertising are typically businesses wishing to promote their products or services. Advertising is differentiated from public relations in that an advertiser pays for and has control over the message. It differs from personal selling in that the message is non-personal, i.e., not directed to a particular individual. Advertising is communicated through various mass media, including traditional media such as newspapers, magazines, television, radio, outdoor advertising or direct mail; and new media such as search results, blogs, social media, websites or text messages. The actual presentation of the message in a medium is referred to as an advertisement: advert or ad for short.",3.142857142857143,3.4285714285714284,3.7142857142857144,2.0,2.0,2.75,0.608016736805439,0.4626613259315491
Advertising,soccer_in_progress13,"1599px-20191002_Fußball,_Männer,_UEFA_Champions_League,_RB_Leipzig_-_Olympique_Lyonnais_by_Stepro_StP_0278.jpg",Five soccer players celebrate a goal in a soccer match--the field is surrounded by advertising.,"Advertising is a marketing communication that employs an openly sponsored, non-personal message to promote or sell a product, service or idea. Sponsors of advertising are typically businesses wishing to promote their products or services. Advertising is differentiated from public relations in that an advertiser pays for and has control over the message. It differs from personal selling in that the message is non-personal, i.e., not directed to a particular individual. Advertising is communicated through various mass media, including traditional media such as newspapers, magazines, television, radio, outdoor advertising or direct mail; and new media such as search results, blogs, social media, websites or text messages. The actual presentation of the message in a medium is referred to as an advertisement: advert or ad for short.",3.375,3.625,4.625,3.5,2.5,3.5,0.7192101329565048,0.33464112877845764
Advertising,soccer_in_progress13,"1599px-20191002_Fußball,_Männer,_UEFA_Champions_League,_RB_Leipzig_-_Olympique_Lyonnais_by_Stepro_StP_0278.jpg",Five soccer players in blue jerseys are celebrating a good play.,"Advertising is a marketing communication that employs an openly sponsored, non-personal message to promote or sell a product, service or idea. Sponsors of advertising are typically businesses wishing to promote their products or services. Advertising is differentiated from public relations in that an advertiser pays for and has control over the message. It differs from personal selling in that the message is non-personal, i.e., not directed to a particular individual. Advertising is communicated through various mass media, including traditional media such as newspapers, magazines, television, radio, outdoor advertising or direct mail; and new media such as search results, blogs, social media, websites or text messages. The actual presentation of the message in a medium is referred to as an advertisement: advert or ad for short.",3.0,3.0,4.2,,,,0.6971922516822815,0.06427149474620819
Advertising,soccer_in_progress10,"1599px-20180920_Fussball,_UEFA_Europa_League,_RB_Leipzig_-_FC_Salzburg_by_Stepro_StP_8051.jpg","The image is of three soccer players and a referee. Two teammates in white surround a third player in red that is on the ground complaining of being fouled. The referee, in teal, is behind them, closely observing. In the foreground is a teammate of the fallen player.","Advertising is a marketing communication that employs an openly sponsored, non-personal message to promote or sell a product, service or idea. Sponsors of advertising are typically businesses wishing to promote their products or services. Advertising is differentiated from public relations in that an advertiser pays for and has control over the message. It differs from personal selling in that the message is non-personal, i.e., not directed to a particular individual. Advertising is communicated through various mass media, including traditional media such as newspapers, magazines, television, radio, outdoor advertising or direct mail; and new media such as search results, blogs, social media, websites or text messages. The actual presentation of the message in a medium is referred to as an advertisement: advert or ad for short.",3.6666666666666665,2.6666666666666665,4.0,,,,0.696103498339653,0.13263437151908875
Advertising,soccer_in_progress10,"1599px-20180920_Fussball,_UEFA_Europa_League,_RB_Leipzig_-_FC_Salzburg_by_Stepro_StP_8051.jpg","Several soccer players and a referee are on the field, one of the opposing team members has fallen and the other members are surrounding him.","Advertising is a marketing communication that employs an openly sponsored, non-personal message to promote or sell a product, service or idea. Sponsors of advertising are typically businesses wishing to promote their products or services. Advertising is differentiated from public relations in that an advertiser pays for and has control over the message. It differs from personal selling in that the message is non-personal, i.e., not directed to a particular individual. Advertising is communicated through various mass media, including traditional media such as newspapers, magazines, television, radio, outdoor advertising or direct mail; and new media such as search results, blogs, social media, websites or text messages. The actual presentation of the message in a medium is referred to as an advertisement: advert or ad for short.",5.0,5.0,3.0,,,,0.6181508302688599,0.09165570139884949
Advertising,soccer_in_progress10,"1599px-20180920_Fussball,_UEFA_Europa_League,_RB_Leipzig_-_FC_Salzburg_by_Stepro_StP_8051.jpg","two teams playing soccer on a field while a referee runs behind , one player of the opposing team in red has fallen with the ball infront of him","Advertising is a marketing communication that employs an openly sponsored, non-personal message to promote or sell a product, service or idea. Sponsors of advertising are typically businesses wishing to promote their products or services. Advertising is differentiated from public relations in that an advertiser pays for and has control over the message. It differs from personal selling in that the message is non-personal, i.e., not directed to a particular individual. Advertising is communicated through various mass media, including traditional media such as newspapers, magazines, television, radio, outdoor advertising or direct mail; and new media such as search results, blogs, social media, websites or text messages. The actual presentation of the message in a medium is referred to as an advertisement: advert or ad for short.",3.0,5.0,3.0,,,,0.6314021348953247,0.11870332062244415
Advertising,soccer_in_progress10,"1599px-20180920_Fussball,_UEFA_Europa_League,_RB_Leipzig_-_FC_Salzburg_by_Stepro_StP_8051.jpg","Two soccer players are standing, both have white uniforms and white stripes with Red Bull advertising. Between them is a player on his knees in a maroon uniform. They are all going for the same soccer ball. There is a referee in blue and black behind them, and adveetisements for four or five companies on the walls of the stadium.","Advertising is a marketing communication that employs an openly sponsored, non-personal message to promote or sell a product, service or idea. Sponsors of advertising are typically businesses wishing to promote their products or services. Advertising is differentiated from public relations in that an advertiser pays for and has control over the message. It differs from personal selling in that the message is non-personal, i.e., not directed to a particular individual. Advertising is communicated through various mass media, including traditional media such as newspapers, magazines, television, radio, outdoor advertising or direct mail; and new media such as search results, blogs, social media, websites or text messages. The actual presentation of the message in a medium is referred to as an advertisement: advert or ad for short.",5.0,5.0,4.5,,,,0.7015082240104675,0.32153165340423584
Advertising,soccer_in_progress10,"1599px-20180920_Fussball,_UEFA_Europa_League,_RB_Leipzig_-_FC_Salzburg_by_Stepro_StP_8051.jpg",The image shows a soccer game with a player in red jersey competing with two players in white jerseys. A red bull logo can be seen on the white jersey. Advertisement boards are in the back.,"Advertising is a marketing communication that employs an openly sponsored, non-personal message to promote or sell a product, service or idea. Sponsors of advertising are typically businesses wishing to promote their products or services. Advertising is differentiated from public relations in that an advertiser pays for and has control over the message. It differs from personal selling in that the message is non-personal, i.e., not directed to a particular individual. Advertising is communicated through various mass media, including traditional media such as newspapers, magazines, television, radio, outdoor advertising or direct mail; and new media such as search results, blogs, social media, websites or text messages. The actual presentation of the message in a medium is referred to as an advertisement: advert or ad for short.",3.5,3.5,4.5,,,,0.8123864978551865,0.2430426925420761
Advertising,soccer_in_progress10,"1599px-20180920_Fussball,_UEFA_Europa_League,_RB_Leipzig_-_FC_Salzburg_by_Stepro_StP_8051.jpg",There is a professional soccer match and a guy in red fall and is holding another opponent jersey. There is banners around fence of field.,"Advertising is a marketing communication that employs an openly sponsored, non-personal message to promote or sell a product, service or idea. Sponsors of advertising are typically businesses wishing to promote their products or services. Advertising is differentiated from public relations in that an advertiser pays for and has control over the message. It differs from personal selling in that the message is non-personal, i.e., not directed to a particular individual. Advertising is communicated through various mass media, including traditional media such as newspapers, magazines, television, radio, outdoor advertising or direct mail; and new media such as search results, blogs, social media, websites or text messages. The actual presentation of the message in a medium is referred to as an advertisement: advert or ad for short.",1.5,1.0,4.0,,,,0.6120028346776962,0.17654454708099365
Advertising,soccer_in_progress10,"1599px-20180920_Fussball,_UEFA_Europa_League,_RB_Leipzig_-_FC_Salzburg_by_Stepro_StP_8051.jpg","Soccer players on the field, in front of signs in the stadium displaying advertisements.","Advertising is a marketing communication that employs an openly sponsored, non-personal message to promote or sell a product, service or idea. Sponsors of advertising are typically businesses wishing to promote their products or services. Advertising is differentiated from public relations in that an advertiser pays for and has control over the message. It differs from personal selling in that the message is non-personal, i.e., not directed to a particular individual. Advertising is communicated through various mass media, including traditional media such as newspapers, magazines, television, radio, outdoor advertising or direct mail; and new media such as search results, blogs, social media, websites or text messages. The actual presentation of the message in a medium is referred to as an advertisement: advert or ad for short.",3.0,3.0,3.0,,,,0.6488101184368134,0.4171026051044464
Advertising,soccer_in_progress10,"1599px-20180920_Fussball,_UEFA_Europa_League,_RB_Leipzig_-_FC_Salzburg_by_Stepro_StP_8051.jpg",A soccer match between two teams. One team is wearing a white jersey with Red Bull advertising. There are also signs in the background with advertising as well.,"Advertising is a marketing communication that employs an openly sponsored, non-personal message to promote or sell a product, service or idea. Sponsors of advertising are typically businesses wishing to promote their products or services. Advertising is differentiated from public relations in that an advertiser pays for and has control over the message. It differs from personal selling in that the message is non-personal, i.e., not directed to a particular individual. Advertising is communicated through various mass media, including traditional media such as newspapers, magazines, television, radio, outdoor advertising or direct mail; and new media such as search results, blogs, social media, websites or text messages. The actual presentation of the message in a medium is referred to as an advertisement: advert or ad for short.",3.0,4.0,4.5,,,,0.7957422733306885,0.4081685543060303
Advertising,soccer_in_progress10,"1599px-20180920_Fussball,_UEFA_Europa_League,_RB_Leipzig_-_FC_Salzburg_by_Stepro_StP_8051.jpg","This picture is of a soccer match.  One player is kneeling on the ground while two other players from the opposing team are nearby, trying to get the ball.  The player on the ground is grabbing the leg of one of his opponents. An official is hurrying to the scene.","Advertising is a marketing communication that employs an openly sponsored, non-personal message to promote or sell a product, service or idea. Sponsors of advertising are typically businesses wishing to promote their products or services. Advertising is differentiated from public relations in that an advertiser pays for and has control over the message. It differs from personal selling in that the message is non-personal, i.e., not directed to a particular individual. Advertising is communicated through various mass media, including traditional media such as newspapers, magazines, television, radio, outdoor advertising or direct mail; and new media such as search results, blogs, social media, websites or text messages. The actual presentation of the message in a medium is referred to as an advertisement: advert or ad for short.",1.0,1.0,3.0,,,,0.7300668954849243,0.11931400746107101
Advertising,soccer_in_progress10,"1599px-20180920_Fussball,_UEFA_Europa_League,_RB_Leipzig_-_FC_Salzburg_by_Stepro_StP_8051.jpg","A professional soccer match, with many banners along the sidelines that contain the names of various companies.","Advertising is a marketing communication that employs an openly sponsored, non-personal message to promote or sell a product, service or idea. Sponsors of advertising are typically businesses wishing to promote their products or services. Advertising is differentiated from public relations in that an advertiser pays for and has control over the message. It differs from personal selling in that the message is non-personal, i.e., not directed to a particular individual. Advertising is communicated through various mass media, including traditional media such as newspapers, magazines, television, radio, outdoor advertising or direct mail; and new media such as search results, blogs, social media, websites or text messages. The actual presentation of the message in a medium is referred to as an advertisement: advert or ad for short.",3.0,3.0,4.0,,,,0.644943118095398,0.31779152154922485
American cuisine,laid_table12,"1600px-2019-11-28_14_40_55_A_dinner_table_laid_out_for_Thanksgiving_Dinner_in_the_Parkway_Village_section_of_Ewing_Township,_Mercer_County,_New_Jersey.jpg","A table filled with bowls,plates and glasses. Many different types of food are represented from salads to a pie.","American cuisine is primarily Western in origin, but has been significantly influenced by indigenous American Indians, African Americans, Asians, Pacific Islanders, and many other cultures and ethnicities, reflecting the history of the United States.",4.0,3.6666666666666665,4.0,,,,0.8055600523948669,0.3371351957321167
American cuisine,laid_table3,Earth_to_Table_DInner_with_Gunnar_Karl_Gíslason_(15640694895).jpg,There are 6 people in a restaurant kitchen prepping more than 25 dishes of the same food. Each plate has a thin and medium length piece of meat and some green leafs on top. The people prepping the food are all males except one female. They are all dress very similar with either a white or black apron.,"American cuisine is primarily Western in origin, but has been significantly influenced by indigenous American Indians, African Americans, Asians, Pacific Islanders, and many other cultures and ethnicities, reflecting the history of the United States.",3.6666666666666665,4.0,4.333333333333333,,,,0.7708454877138138,0.27934765815734863
American cuisine,laid_table12,"1600px-2019-11-28_14_40_55_A_dinner_table_laid_out_for_Thanksgiving_Dinner_in_the_Parkway_Village_section_of_Ewing_Township,_Mercer_County,_New_Jersey.jpg","A table and chairs, set with six places, and laid with a green and red plaid tablecoth. There are red solo cups at each place. The table is also set with typical American Thanksgiving foods, including: turkey, mashed potatoes, cranberry sauce, mixed salad, squash, sweet potatoes, devilled eggs, and pumpkin pie.","American cuisine is primarily Western in origin, but has been significantly influenced by indigenous American Indians, African Americans, Asians, Pacific Islanders, and many other cultures and ethnicities, reflecting the history of the United States.",4.0,3.75,5.0,,,,0.8884895592927933,0.2994709014892578
American cuisine,laid_table14,"Thanksgiving_Dinner_Table,_Broward_County_Florida,_1971_02.jpg",A table is set with a large turkey while a person is opening a bottle of wine.,"American cuisine is primarily Western in origin, but has been significantly influenced by indigenous American Indians, African Americans, Asians, Pacific Islanders, and many other cultures and ethnicities, reflecting the history of the United States.",4.666666666666667,4.666666666666667,5.0,3.75,3.5,4.25,0.910319983959198,0.16202865540981293
American cuisine,laid_table12,"1600px-2019-11-28_14_40_55_A_dinner_table_laid_out_for_Thanksgiving_Dinner_in_the_Parkway_Village_section_of_Ewing_Township,_Mercer_County,_New_Jersey.jpg","A table with a tablecloth with empty place setting and many foods in bowls in the middle.  The table is set with paper napkins, metal utensils, and plastic cups.  The bowls of food are some typical foods of American cuisine.","American cuisine is primarily Western in origin, but has been significantly influenced by indigenous American Indians, African Americans, Asians, Pacific Islanders, and many other cultures and ethnicities, reflecting the history of the United States.",3.0,5.0,4.0,,,,0.823444053530693,0.49018004536628723
American cuisine,laid_table12,"1600px-2019-11-28_14_40_55_A_dinner_table_laid_out_for_Thanksgiving_Dinner_in_the_Parkway_Village_section_of_Ewing_Township,_Mercer_County,_New_Jersey.jpg",It's a bunch of food from America. It's set up on a table.,"American cuisine is primarily Western in origin, but has been significantly influenced by indigenous American Indians, African Americans, Asians, Pacific Islanders, and many other cultures and ethnicities, reflecting the history of the United States.",3.0,2.75,3.25,,,,0.7035835087299347,0.42338326573371887
American cuisine,laid_table14,"Thanksgiving_Dinner_Table,_Broward_County_Florida,_1971_02.jpg",A table is set in a home and a turkey and wine are on the table.,"American cuisine is primarily Western in origin, but has been significantly influenced by indigenous American Indians, African Americans, Asians, Pacific Islanders, and many other cultures and ethnicities, reflecting the history of the United States.",4.0,4.0,5.0,3.25,3.5,4.0,0.8090263605117798,0.24907609820365906
American cuisine,laid_table12,"1600px-2019-11-28_14_40_55_A_dinner_table_laid_out_for_Thanksgiving_Dinner_in_the_Parkway_Village_section_of_Ewing_Township,_Mercer_County,_New_Jersey.jpg",A table is set with dishes and silverware for five.  The food is on the table as well and ready to be served when the people arrive.,"American cuisine is primarily Western in origin, but has been significantly influenced by indigenous American Indians, African Americans, Asians, Pacific Islanders, and many other cultures and ethnicities, reflecting the history of the United States.",4.0,4.0,3.0,,,,0.7508029788732529,0.26277559995651245
American cuisine,laid_table3,Earth_to_Table_DInner_with_Gunnar_Karl_Gíslason_(15640694895).jpg,A group of kitchen workers preparing a large number of plates with food. They are not wearing gloves.,"American cuisine is primarily Western in origin, but has been significantly influenced by indigenous American Indians, African Americans, Asians, Pacific Islanders, and many other cultures and ethnicities, reflecting the history of the United States.",2.3333333333333335,2.6666666666666665,3.6666666666666665,,,,0.7247595489025116,0.1792260706424713
American cuisine,laid_table3,Earth_to_Table_DInner_with_Gunnar_Karl_Gíslason_(15640694895).jpg,The image is of a commercial kitchen where seven people are plating food. The food is very sparse on each plate. The plates are white and the people are dressed in white shirts with white or dark colored aprons.  It looks like each person is adding their assigned ingredient to the dish.  The people are primarily white males with one Asian female included. I believe the dish is a strip of meat with greens on top.,"American cuisine is primarily Western in origin, but has been significantly influenced by indigenous American Indians, African Americans, Asians, Pacific Islanders, and many other cultures and ethnicities, reflecting the history of the United States.",3.0,2.0,3.0,,,,0.7734306156635284,0.31625643372535706
American cuisine,laid_table3,Earth_to_Table_DInner_with_Gunnar_Karl_Gíslason_(15640694895).jpg,"a group of kitchen workers and chefs, mostly in white coats, work on a large number of plated dishes on a center kitchen island. they are located in restaurant kitchen.","American cuisine is primarily Western in origin, but has been significantly influenced by indigenous American Indians, African Americans, Asians, Pacific Islanders, and many other cultures and ethnicities, reflecting the history of the United States.",4.0,4.0,4.0,,,,0.7315409928560257,0.2710011303424835
American cuisine,laid_table3,Earth_to_Table_DInner_with_Gunnar_Karl_Gíslason_(15640694895).jpg,A group of chefs is preparing a meal,"American cuisine is primarily Western in origin, but has been significantly influenced by indigenous American Indians, African Americans, Asians, Pacific Islanders, and many other cultures and ethnicities, reflecting the history of the United States.",3.5,4.0,4.5,,,,0.7666704058647156,0.29590821266174316
American cuisine,laid_table14,"Thanksgiving_Dinner_Table,_Broward_County_Florida,_1971_02.jpg","A typical American dinner, as presented for a special occasion or holiday.","American cuisine is primarily Western in origin, but has been significantly influenced by indigenous American Indians, African Americans, Asians, Pacific Islanders, and many other cultures and ethnicities, reflecting the history of the United States.",2.25,2.0,2.75,1.25,1.5,1.5,0.8126503974199295,0.4237617254257202
American cuisine,laid_table12,"1600px-2019-11-28_14_40_55_A_dinner_table_laid_out_for_Thanksgiving_Dinner_in_the_Parkway_Village_section_of_Ewing_Township,_Mercer_County,_New_Jersey.jpg","A rectangular table with a red plaid table cloth on it and wooden chairs around it.  The table is set with 5 place setting, each with a plate and red solo cup.  Each setting has a bowl of salad in front of it.  There are various food items in the middle of the table in serving dishes.  The food items look like they could be from a Thanksgiving dinner.","American cuisine is primarily Western in origin, but has been significantly influenced by indigenous American Indians, African Americans, Asians, Pacific Islanders, and many other cultures and ethnicities, reflecting the history of the United States.",4.5,4.5,4.5,,,,0.8568652719259262,0.25470787286758423
American cuisine,laid_table12,"1600px-2019-11-28_14_40_55_A_dinner_table_laid_out_for_Thanksgiving_Dinner_in_the_Parkway_Village_section_of_Ewing_Township,_Mercer_County,_New_Jersey.jpg","\nA table is set with a meal on it.  Included on the table are salads, potatoes, peas, pickles, and olives.","American cuisine is primarily Western in origin, but has been significantly influenced by indigenous American Indians, African Americans, Asians, Pacific Islanders, and many other cultures and ethnicities, reflecting the history of the United States.",3.4,3.8,4.2,3.75,3.75,3.75,0.7863026857376099,0.27012860774993896
American cuisine,laid_table14,"Thanksgiving_Dinner_Table,_Broward_County_Florida,_1971_02.jpg",A typical American holiday dinner table is shown and the main course is a roasted turkey.,"American cuisine is primarily Western in origin, but has been significantly influenced by indigenous American Indians, African Americans, Asians, Pacific Islanders, and many other cultures and ethnicities, reflecting the history of the United States.",4.5,4.5,4.5,,,,0.9011808037757874,0.4001428186893463
American cuisine,laid_table3,Earth_to_Table_DInner_with_Gunnar_Karl_Gíslason_(15640694895).jpg,A group of chefs are preparing many plates of American food in a large kitchen.,"American cuisine is primarily Western in origin, but has been significantly influenced by indigenous American Indians, African Americans, Asians, Pacific Islanders, and many other cultures and ethnicities, reflecting the history of the United States.",4.0,4.0,4.0,,,,0.8021112531423569,0.46749135851860046
American cuisine,laid_table14,"Thanksgiving_Dinner_Table,_Broward_County_Florida,_1971_02.jpg",A turkey that is sitting on a cutting board on a dining room table next to a bottle of wine.,"American cuisine is primarily Western in origin, but has been significantly influenced by indigenous American Indians, African Americans, Asians, Pacific Islanders, and many other cultures and ethnicities, reflecting the history of the United States.",4.333333333333333,4.333333333333333,4.666666666666667,,,,0.7949982583522797,0.16193217039108276
American cuisine,laid_table3,Earth_to_Table_DInner_with_Gunnar_Karl_Gíslason_(15640694895).jpg,Several members of a kitchen staff plating multiple plates of food in a professional kitchen,"American cuisine is primarily Western in origin, but has been significantly influenced by indigenous American Indians, African Americans, Asians, Pacific Islanders, and many other cultures and ethnicities, reflecting the history of the United States.",2.5,1.0,3.5,,,,0.7737703621387482,0.19611255824565887
American cuisine,laid_table12,"1600px-2019-11-28_14_40_55_A_dinner_table_laid_out_for_Thanksgiving_Dinner_in_the_Parkway_Village_section_of_Ewing_Township,_Mercer_County,_New_Jersey.jpg",The camera looks down on a table groaning with colorful foods arranged in many serving bowls on a bright red plaid tablecloth.,"American cuisine is primarily Western in origin, but has been significantly influenced by indigenous American Indians, African Americans, Asians, Pacific Islanders, and many other cultures and ethnicities, reflecting the history of the United States.",5.0,5.0,5.0,,,,0.8714903891086578,0.3048778176307678
American cuisine,laid_table3,Earth_to_Table_DInner_with_Gunnar_Karl_Gíslason_(15640694895).jpg,"The image depicts a group of people dressed in a chef’s costume, using what would be the main meals of a restaurant as part of the restaurant’s cuisine. Food dishes are a kind of thin, rectangular roasted meat with a green touch on top.","American cuisine is primarily Western in origin, but has been significantly influenced by indigenous American Indians, African Americans, Asians, Pacific Islanders, and many other cultures and ethnicities, reflecting the history of the United States.",5.0,5.0,5.0,,,,0.6803436577320099,0.3793444037437439
Body of water,mountains16,"Oberaargletscher_from_Oberaar,_2010_07.jpeg",A vast mountain valley with glaciers in the higher altitudes and a lake at the bottom.,"A body of water or waterbody (often spelled water body) is any significant accumulation of water, generally on a planet's surface. The term most often refers to oceans, seas, and lakes, but it includes smaller pools of water such as ponds, wetlands, or more rarely, puddles. A body of water does not have to be still or contained; rivers, streams, canals, and other geographical features where water moves from one place to another are also considered bodies of water.",3.25,3.0,4.5,,,,0.772159993648529,0.309001088142395
Body of water,mountains18,river.jpeg,A large river flowing across the land,"A body of water or waterbody (often spelled water body) is any significant accumulation of water, generally on a planet's surface. The term most often refers to oceans, seas, and lakes, but it includes smaller pools of water such as ponds, wetlands, or more rarely, puddles. A body of water does not have to be still or contained; rivers, streams, canals, and other geographical features where water moves from one place to another are also considered bodies of water.",3.5,3.8333333333333335,4.666666666666667,2.25,3.0,3.25,0.6235522031784058,0.3999740183353424
Body of water,mountains9,"Lago_de_Como,_Italia,_2016-06-25,_DD_02-06_PAN.jpeg","A beautiful, large lake surrounded by hills and mountains.  The sky is bright with some clouds.  Homes appear in some of the landscape.","A body of water or waterbody (often spelled water body) is any significant accumulation of water, generally on a planet's surface. The term most often refers to oceans, seas, and lakes, but it includes smaller pools of water such as ponds, wetlands, or more rarely, puddles. A body of water does not have to be still or contained; rivers, streams, canals, and other geographical features where water moves from one place to another are also considered bodies of water.",2.0,3.0,4.0,,,,0.642320066690445,0.3368649482727051
Body of water,mountains9,"Lago_de_Como,_Italia,_2016-06-25,_DD_02-06_PAN.jpeg",A large body of water sandwiched between two large mountainous land masses.,"A body of water or waterbody (often spelled water body) is any significant accumulation of water, generally on a planet's surface. The term most often refers to oceans, seas, and lakes, but it includes smaller pools of water such as ponds, wetlands, or more rarely, puddles. A body of water does not have to be still or contained; rivers, streams, canals, and other geographical features where water moves from one place to another are also considered bodies of water.",3.375,3.5,3.875,3.0,3.75,4.5,0.6884040683507919,0.4999711811542511
Body of water,mountains18,river.jpeg,This shows a river cutting through some mountains.,"A body of water or waterbody (often spelled water body) is any significant accumulation of water, generally on a planet's surface. The term most often refers to oceans, seas, and lakes, but it includes smaller pools of water such as ponds, wetlands, or more rarely, puddles. A body of water does not have to be still or contained; rivers, streams, canals, and other geographical features where water moves from one place to another are also considered bodies of water.",5.0,5.0,4.666666666666667,,,,0.6323076784610748,0.22648026049137115
Body of water,mountains9,"Lago_de_Como,_Italia,_2016-06-25,_DD_02-06_PAN.jpeg",body of water,"A body of water or waterbody (often spelled water body) is any significant accumulation of water, generally on a planet's surface. The term most often refers to oceans, seas, and lakes, but it includes smaller pools of water such as ponds, wetlands, or more rarely, puddles. A body of water does not have to be still or contained; rivers, streams, canals, and other geographical features where water moves from one place to another are also considered bodies of water.",3.5,3.75,3.75,,,,0.5955784395337105,0.7253766059875488
Body of water,mountains18,river.jpeg,This is a river flowing in the valley of a mountain. It is surrounded by shallow hills and trees.,"A body of water or waterbody (often spelled water body) is any significant accumulation of water, generally on a planet's surface. The term most often refers to oceans, seas, and lakes, but it includes smaller pools of water such as ponds, wetlands, or more rarely, puddles. A body of water does not have to be still or contained; rivers, streams, canals, and other geographical features where water moves from one place to another are also considered bodies of water.",4.833333333333333,4.666666666666667,4.5,4.25,4.5,4.25,0.6521491706371307,0.2688784599304199
Body of water,mountains18,river.jpeg,The image shows a winding river in a forested area.,"A body of water or waterbody (often spelled water body) is any significant accumulation of water, generally on a planet's surface. The term most often refers to oceans, seas, and lakes, but it includes smaller pools of water such as ponds, wetlands, or more rarely, puddles. A body of water does not have to be still or contained; rivers, streams, canals, and other geographical features where water moves from one place to another are also considered bodies of water.",4.0,5.0,5.0,,,,0.6236698478460312,0.1969679296016693
Body of water,mountains9,"Lago_de_Como,_Italia,_2016-06-25,_DD_02-06_PAN.jpeg",A city is visible in the hills and mountains surrounding a body of water.,"A body of water or waterbody (often spelled water body) is any significant accumulation of water, generally on a planet's surface. The term most often refers to oceans, seas, and lakes, but it includes smaller pools of water such as ponds, wetlands, or more rarely, puddles. A body of water does not have to be still or contained; rivers, streams, canals, and other geographical features where water moves from one place to another are also considered bodies of water.",4.0,4.5,3.0,,,,0.7123784720897675,0.29558926820755005
Body of water,mountains9,"Lago_de_Como,_Italia,_2016-06-25,_DD_02-06_PAN.jpeg","Vast green mountain ranges surround a body of water. Roads leading to small houses wind around the ranges, checkering the sides of the mountains with white and orange colors.","A body of water or waterbody (often spelled water body) is any significant accumulation of water, generally on a planet's surface. The term most often refers to oceans, seas, and lakes, but it includes smaller pools of water such as ponds, wetlands, or more rarely, puddles. A body of water does not have to be still or contained; rivers, streams, canals, and other geographical features where water moves from one place to another are also considered bodies of water.",3.4,3.8,4.0,3.75,2.75,4.25,0.6134690344333649,0.26810598373413086
Body of water,mountains16,"Oberaargletscher_from_Oberaar,_2010_07.jpeg",A lake surrounded by snow-capped mountains.,"A body of water or waterbody (often spelled water body) is any significant accumulation of water, generally on a planet's surface. The term most often refers to oceans, seas, and lakes, but it includes smaller pools of water such as ponds, wetlands, or more rarely, puddles. A body of water does not have to be still or contained; rivers, streams, canals, and other geographical features where water moves from one place to another are also considered bodies of water.",3.6666666666666665,3.6666666666666665,3.3333333333333335,,,,0.7450178265571594,0.33299505710601807
Body of water,mountains16,"Oberaargletscher_from_Oberaar,_2010_07.jpeg",A lake is in the foreground with mountain peaks in the background.,"A body of water or waterbody (often spelled water body) is any significant accumulation of water, generally on a planet's surface. The term most often refers to oceans, seas, and lakes, but it includes smaller pools of water such as ponds, wetlands, or more rarely, puddles. A body of water does not have to be still or contained; rivers, streams, canals, and other geographical features where water moves from one place to another are also considered bodies of water.",4.75,5.0,4.5,,,,0.730866938829422,0.3005681037902832
Body of water,mountains16,"Oberaargletscher_from_Oberaar,_2010_07.jpeg",A lake surrounded by tall mountains,"A body of water or waterbody (often spelled water body) is any significant accumulation of water, generally on a planet's surface. The term most often refers to oceans, seas, and lakes, but it includes smaller pools of water such as ponds, wetlands, or more rarely, puddles. A body of water does not have to be still or contained; rivers, streams, canals, and other geographical features where water moves from one place to another are also considered bodies of water.",4.75,4.25,5.0,,,,0.7114432752132416,0.3332057595252991
Body of water,mountains9,"Lago_de_Como,_Italia,_2016-06-25,_DD_02-06_PAN.jpeg",A large body of blue water is surrounded by rugged green hills.,"A body of water or waterbody (often spelled water body) is any significant accumulation of water, generally on a planet's surface. The term most often refers to oceans, seas, and lakes, but it includes smaller pools of water such as ponds, wetlands, or more rarely, puddles. A body of water does not have to be still or contained; rivers, streams, canals, and other geographical features where water moves from one place to another are also considered bodies of water.",3.6666666666666665,4.333333333333333,4.666666666666667,,,,0.5238819122314453,0.36711210012435913
Body of water,mountains9,"Lago_de_Como,_Italia,_2016-06-25,_DD_02-06_PAN.jpeg",A set of green and large mountains facing what would be a huge blue sea.,"A body of water or waterbody (often spelled water body) is any significant accumulation of water, generally on a planet's surface. The term most often refers to oceans, seas, and lakes, but it includes smaller pools of water such as ponds, wetlands, or more rarely, puddles. A body of water does not have to be still or contained; rivers, streams, canals, and other geographical features where water moves from one place to another are also considered bodies of water.",3.0,5.0,3.0,,,,0.5877929180860519,0.28021785616874695
Body of water,mountains18,river.jpeg,There's a river between two bodies of land. On one side there is mountains and on the other lots of trees and hills. The landscape is very green and the river has a muddy look to it.,"A body of water or waterbody (often spelled water body) is any significant accumulation of water, generally on a planet's surface. The term most often refers to oceans, seas, and lakes, but it includes smaller pools of water such as ponds, wetlands, or more rarely, puddles. A body of water does not have to be still or contained; rivers, streams, canals, and other geographical features where water moves from one place to another are also considered bodies of water.",4.0,5.0,5.0,,,,0.6952470541000366,0.29866543412208557
Building material,church4,Dreifaltigkeitskirche_süd.jpg,This is an old brick church. There are tombstones in front of it.,"Building material is material used for construction. Many naturally occurring substances, such as clay, rocks, sand and wood, even twigs and leaves, have been used to construct buildings. Apart from naturally occurring materials, many man-made products are in use, some more and some less synthetic. The manufacturing of building materials is an established industry in many countries and the use of these materials is typically segmented into specific specialty trades, such as carpentry, insulation, plumbing, and roofing work. They provide the make-up of habitats and structures including homes.",2.25,2.75,4.0,,,,0.6964334845542908,0.1566455364227295
Building material,church8,"1443px-Iglesia_Nova_Gracanica,_Trebinje,_Bosnia_y_Herzegovina,_2014-04-14,_DD_04.jpg",A large building adorned with three gold crosses. Striped brick patterns decorate the outside of the building. Dark brown dome cases decorate the top.,"Building material is material used for construction. Many naturally occurring substances, such as clay, rocks, sand and wood, even twigs and leaves, have been used to construct buildings. Apart from naturally occurring materials, many man-made products are in use, some more and some less synthetic. The manufacturing of building materials is an established industry in many countries and the use of these materials is typically segmented into specific specialty trades, such as carpentry, insulation, plumbing, and roofing work. They provide the make-up of habitats and structures including homes.",3.0,3.3333333333333335,3.3333333333333335,,,,0.6896870583295822,0.3059704005718231
Building material,church8,"1443px-Iglesia_Nova_Gracanica,_Trebinje,_Bosnia_y_Herzegovina,_2014-04-14,_DD_04.jpg",It's a building with domes. It's a church. It's made of bricks and wood.,"Building material is material used for construction. Many naturally occurring substances, such as clay, rocks, sand and wood, even twigs and leaves, have been used to construct buildings. Apart from naturally occurring materials, many man-made products are in use, some more and some less synthetic. The manufacturing of building materials is an established industry in many countries and the use of these materials is typically segmented into specific specialty trades, such as carpentry, insulation, plumbing, and roofing work. They provide the make-up of habitats and structures including homes.",2.5,3.5,2.0,,,,0.7368218898773193,0.4632047116756439
Building material,church4,Dreifaltigkeitskirche_süd.jpg,An old church made of red brick with a large tall spire in the front.  There are grave markers in the courtyard leading to the church that are visible in front of the church.,"Building material is material used for construction. Many naturally occurring substances, such as clay, rocks, sand and wood, even twigs and leaves, have been used to construct buildings. Apart from naturally occurring materials, many man-made products are in use, some more and some less synthetic. The manufacturing of building materials is an established industry in many countries and the use of these materials is typically segmented into specific specialty trades, such as carpentry, insulation, plumbing, and roofing work. They provide the make-up of habitats and structures including homes.",4.0,3.0,4.5,,,,0.7638147473335266,0.20301754772663116
Building material,church4,Dreifaltigkeitskirche_süd.jpg,A traditional church made of brick with a tall steeple and a cross on top of it.,"Building material is material used for construction. Many naturally occurring substances, such as clay, rocks, sand and wood, even twigs and leaves, have been used to construct buildings. Apart from naturally occurring materials, many man-made products are in use, some more and some less synthetic. The manufacturing of building materials is an established industry in many countries and the use of these materials is typically segmented into specific specialty trades, such as carpentry, insulation, plumbing, and roofing work. They provide the make-up of habitats and structures including homes.",3.5,3.8333333333333335,4.0,3.25,3.25,4.5,0.7532390207052231,0.2948177456855774
Building material,church4,Dreifaltigkeitskirche_süd.jpg,The outside frontal view of a brick church.  There is also a small graveyard in front of the church.,"Building material is material used for construction. Many naturally occurring substances, such as clay, rocks, sand and wood, even twigs and leaves, have been used to construct buildings. Apart from naturally occurring materials, many man-made products are in use, some more and some less synthetic. The manufacturing of building materials is an established industry in many countries and the use of these materials is typically segmented into specific specialty trades, such as carpentry, insulation, plumbing, and roofing work. They provide the make-up of habitats and structures including homes.",4.5,3.8333333333333335,4.0,3.25,3.5,4.0,0.7035766541957855,0.18271124362945557
Building material,church19,1599px-Paris_Notre-Dame_East_View_02.jpeg,A large cathedral that utilizes many different building materials in its construction.,"Building material is material used for construction. Many naturally occurring substances, such as clay, rocks, sand and wood, even twigs and leaves, have been used to construct buildings. Apart from naturally occurring materials, many man-made products are in use, some more and some less synthetic. The manufacturing of building materials is an established industry in many countries and the use of these materials is typically segmented into specific specialty trades, such as carpentry, insulation, plumbing, and roofing work. They provide the make-up of habitats and structures including homes.",4.666666666666667,4.666666666666667,4.0,,,,0.740843340754509,0.4986792206764221
Building material,church8,"1443px-Iglesia_Nova_Gracanica,_Trebinje,_Bosnia_y_Herzegovina,_2014-04-14,_DD_04.jpg","The image is that of a church. It is a somewhat modern looking church, very clean. It is beige with horizontal bricks that are red in color. At the top of the church sit three crosses, with the on in the middle sitting higher than the other two surrounding it. The windows have circular openings that are in a vertical pattern. In the background one can see mountains and trees. The church has a light post towards the front.","Building material is material used for construction. Many naturally occurring substances, such as clay, rocks, sand and wood, even twigs and leaves, have been used to construct buildings. Apart from naturally occurring materials, many man-made products are in use, some more and some less synthetic. The manufacturing of building materials is an established industry in many countries and the use of these materials is typically segmented into specific specialty trades, such as carpentry, insulation, plumbing, and roofing work. They provide the make-up of habitats and structures including homes.",2.0,4.0,5.0,,,,0.6894806772470474,0.12816834449768066
Building material,church19,1599px-Paris_Notre-Dame_East_View_02.jpeg,An elaborate stone cathedral with multiple spires is featured.,"Building material is material used for construction. Many naturally occurring substances, such as clay, rocks, sand and wood, even twigs and leaves, have been used to construct buildings. Apart from naturally occurring materials, many man-made products are in use, some more and some less synthetic. The manufacturing of building materials is an established industry in many countries and the use of these materials is typically segmented into specific specialty trades, such as carpentry, insulation, plumbing, and roofing work. They provide the make-up of habitats and structures including homes.",2.5,2.5,2.5,,,,0.7981526851654053,0.2229333519935608
Building material,church8,"1443px-Iglesia_Nova_Gracanica,_Trebinje,_Bosnia_y_Herzegovina,_2014-04-14,_DD_04.jpg","A large religious building, mostly stone that is orange and red, has crosses on it.","Building material is material used for construction. Many naturally occurring substances, such as clay, rocks, sand and wood, even twigs and leaves, have been used to construct buildings. Apart from naturally occurring materials, many man-made products are in use, some more and some less synthetic. The manufacturing of building materials is an established industry in many countries and the use of these materials is typically segmented into specific specialty trades, such as carpentry, insulation, plumbing, and roofing work. They provide the make-up of habitats and structures including homes.",3.5,4.0,2.5,,,,0.7166741788387299,0.2803754508495331
Building material,church19,1599px-Paris_Notre-Dame_East_View_02.jpeg,We are looking across a formal garden at a beautiful medieval-looking cathedral whose spire soars into a bright blue sky.,"Building material is material used for construction. Many naturally occurring substances, such as clay, rocks, sand and wood, even twigs and leaves, have been used to construct buildings. Apart from naturally occurring materials, many man-made products are in use, some more and some less synthetic. The manufacturing of building materials is an established industry in many countries and the use of these materials is typically segmented into specific specialty trades, such as carpentry, insulation, plumbing, and roofing work. They provide the make-up of habitats and structures including homes.",3.5,3.0,3.25,,,,0.6994680315256119,0.10994324088096619
Building material,church19,1599px-Paris_Notre-Dame_East_View_02.jpeg,"An old concrete castle with many spires, and multiple levels of architecture around the entire building. There is also a spire built onto it.","Building material is material used for construction. Many naturally occurring substances, such as clay, rocks, sand and wood, even twigs and leaves, have been used to construct buildings. Apart from naturally occurring materials, many man-made products are in use, some more and some less synthetic. The manufacturing of building materials is an established industry in many countries and the use of these materials is typically segmented into specific specialty trades, such as carpentry, insulation, plumbing, and roofing work. They provide the make-up of habitats and structures including homes.",3.5,3.5,3.5,,,,0.7104870676994324,0.3650893270969391
Building material,church4,Dreifaltigkeitskirche_süd.jpg,"A large, red brick church is in the background behind many tombstones.","Building material is material used for construction. Many naturally occurring substances, such as clay, rocks, sand and wood, even twigs and leaves, have been used to construct buildings. Apart from naturally occurring materials, many man-made products are in use, some more and some less synthetic. The manufacturing of building materials is an established industry in many countries and the use of these materials is typically segmented into specific specialty trades, such as carpentry, insulation, plumbing, and roofing work. They provide the make-up of habitats and structures including homes.",5.0,5.0,4.0,,,,0.6460651010274887,0.11436237394809723
Building material,church8,"1443px-Iglesia_Nova_Gracanica,_Trebinje,_Bosnia_y_Herzegovina,_2014-04-14,_DD_04.jpg",The image shows a relatively small church on the ground.,"Building material is material used for construction. Many naturally occurring substances, such as clay, rocks, sand and wood, even twigs and leaves, have been used to construct buildings. Apart from naturally occurring materials, many man-made products are in use, some more and some less synthetic. The manufacturing of building materials is an established industry in many countries and the use of these materials is typically segmented into specific specialty trades, such as carpentry, insulation, plumbing, and roofing work. They provide the make-up of habitats and structures including homes.",2.0,1.8,2.4,1.75,1.25,2.0,0.6773630529642105,0.12883260846138
Building material,church8,"1443px-Iglesia_Nova_Gracanica,_Trebinje,_Bosnia_y_Herzegovina,_2014-04-14,_DD_04.jpg","A building with various types of building material used including stone, brick, and metal.","Building material is material used for construction. Many naturally occurring substances, such as clay, rocks, sand and wood, even twigs and leaves, have been used to construct buildings. Apart from naturally occurring materials, many man-made products are in use, some more and some less synthetic. The manufacturing of building materials is an established industry in many countries and the use of these materials is typically segmented into specific specialty trades, such as carpentry, insulation, plumbing, and roofing work. They provide the make-up of habitats and structures including homes.",3.75,4.25,4.5,3.25,2.5,2.75,0.6061949208378792,0.6606994867324829
Building material,church4,Dreifaltigkeitskirche_süd.jpg,A church constructed of brick with a graveyard in front of it and many arched windows.,"Building material is material used for construction. Many naturally occurring substances, such as clay, rocks, sand and wood, even twigs and leaves, have been used to construct buildings. Apart from naturally occurring materials, many man-made products are in use, some more and some less synthetic. The manufacturing of building materials is an established industry in many countries and the use of these materials is typically segmented into specific specialty trades, such as carpentry, insulation, plumbing, and roofing work. They provide the make-up of habitats and structures including homes.",4.0,4.0,5.0,,,,0.7064326107501984,0.2839798927307129
Building material,church8,"1443px-Iglesia_Nova_Gracanica,_Trebinje,_Bosnia_y_Herzegovina,_2014-04-14,_DD_04.jpg",A building that is made out of brown and red stone block with grey metal on the roof and gold crosses atop that.,"Building material is material used for construction. Many naturally occurring substances, such as clay, rocks, sand and wood, even twigs and leaves, have been used to construct buildings. Apart from naturally occurring materials, many man-made products are in use, some more and some less synthetic. The manufacturing of building materials is an established industry in many countries and the use of these materials is typically segmented into specific specialty trades, such as carpentry, insulation, plumbing, and roofing work. They provide the make-up of habitats and structures including homes.",5.0,5.0,4.0,,,,0.6777837872505188,0.383048415184021
Building material,church8,"1443px-Iglesia_Nova_Gracanica,_Trebinje,_Bosnia_y_Herzegovina,_2014-04-14,_DD_04.jpg",A large church structure made of various building materials.,"Building material is material used for construction. Many naturally occurring substances, such as clay, rocks, sand and wood, even twigs and leaves, have been used to construct buildings. Apart from naturally occurring materials, many man-made products are in use, some more and some less synthetic. The manufacturing of building materials is an established industry in many countries and the use of these materials is typically segmented into specific specialty trades, such as carpentry, insulation, plumbing, and roofing work. They provide the make-up of habitats and structures including homes.",4.0,4.0,4.0,,,,0.7130911946296692,0.4524644911289215
Building material,church19,1599px-Paris_Notre-Dame_East_View_02.jpeg,A cathedral overlooking a courtyard.,"Building material is material used for construction. Many naturally occurring substances, such as clay, rocks, sand and wood, even twigs and leaves, have been used to construct buildings. Apart from naturally occurring materials, many man-made products are in use, some more and some less synthetic. The manufacturing of building materials is an established industry in many countries and the use of these materials is typically segmented into specific specialty trades, such as carpentry, insulation, plumbing, and roofing work. They provide the make-up of habitats and structures including homes.",4.333333333333333,4.333333333333333,3.3333333333333335,,,,0.723472535610199,0.11460557579994202
Building material,church8,"1443px-Iglesia_Nova_Gracanica,_Trebinje,_Bosnia_y_Herzegovina,_2014-04-14,_DD_04.jpg","There is a church that is seen alone and it is surrounded by mountains in the background. The materials of the church vary, oranges bricks can be seen along the side of the church going in a straight line and bricks are also used in all of the contour lines in windows and arcs. Some small portions of the church are cement but for the most part it looks like the church is made out of stone which is light brown.","Building material is material used for construction. Many naturally occurring substances, such as clay, rocks, sand and wood, even twigs and leaves, have been used to construct buildings. Apart from naturally occurring materials, many man-made products are in use, some more and some less synthetic. The manufacturing of building materials is an established industry in many countries and the use of these materials is typically segmented into specific specialty trades, such as carpentry, insulation, plumbing, and roofing work. They provide the make-up of habitats and structures including homes.",4.0,4.0,5.0,,,,0.6666873395442963,0.3800137937068939
Christian cross,church8,"1443px-Iglesia_Nova_Gracanica,_Trebinje,_Bosnia_y_Herzegovina,_2014-04-14,_DD_04.jpg",A religious building with many arches and small windows. The arches are topped with Crosses.,"The Christian cross, seen as a representation of the instrument of the crucifixion of Jesus, is the best-known symbol of Christianity. It is related to the crucifix (a cross that includes a corpus, usually a three-dimensional representation of Jesus' body) and to the more general family of cross symbols, the term cross itself being detached from the original specifically Christian meaning in modern English (as in many other western languages).",4.2,4.6,3.2,,,,0.6771561503410339,0.42964622378349304
Christian cross,church19,1599px-Paris_Notre-Dame_East_View_02.jpeg,A gothic style Cathedral seen through a courtyard.,"The Christian cross, seen as a representation of the instrument of the crucifixion of Jesus, is the best-known symbol of Christianity. It is related to the crucifix (a cross that includes a corpus, usually a three-dimensional representation of Jesus' body) and to the more general family of cross symbols, the term cross itself being detached from the original specifically Christian meaning in modern English (as in many other western languages).",2.857142857142857,2.7142857142857144,3.5714285714285716,1.25,2.0,2.25,0.7162146270275116,0.23677967488765717
Christian cross,church4,Dreifaltigkeitskirche_süd.jpg,A church with a Christian cross positioned on the top of the steeple.,"The Christian cross, seen as a representation of the instrument of the crucifixion of Jesus, is the best-known symbol of Christianity. It is related to the crucifix (a cross that includes a corpus, usually a three-dimensional representation of Jesus' body) and to the more general family of cross symbols, the term cross itself being detached from the original specifically Christian meaning in modern English (as in many other western languages).",4.4,4.6,4.6,,,,0.697874054312706,0.5629854798316956
Christian cross,church19,1599px-Paris_Notre-Dame_East_View_02.jpeg,A church is pictured on a sunny day. There is a large spire on the roof of a church that has a cross on top.,"The Christian cross, seen as a representation of the instrument of the crucifixion of Jesus, is the best-known symbol of Christianity. It is related to the crucifix (a cross that includes a corpus, usually a three-dimensional representation of Jesus' body) and to the more general family of cross symbols, the term cross itself being detached from the original specifically Christian meaning in modern English (as in many other western languages).",4.25,4.5,4.5,,,,0.7033893465995789,0.38135457038879395
Christian cross,church8,"1443px-Iglesia_Nova_Gracanica,_Trebinje,_Bosnia_y_Herzegovina,_2014-04-14,_DD_04.jpg",A classic building with three Christian crosses on the roofs. The crosses represent an interpretation of Jesus' body.,"The Christian cross, seen as a representation of the instrument of the crucifixion of Jesus, is the best-known symbol of Christianity. It is related to the crucifix (a cross that includes a corpus, usually a three-dimensional representation of Jesus' body) and to the more general family of cross symbols, the term cross itself being detached from the original specifically Christian meaning in modern English (as in many other western languages).",3.0,3.142857142857143,3.4285714285714284,2.75,2.5,2.5,0.7088320702314377,0.641787052154541
Christian cross,church4,Dreifaltigkeitskirche_süd.jpg,"a red brick church is in the midground of the image.  a cross is located on top of its steeple  in the foreground are a number of very worn, old gravestones.","The Christian cross, seen as a representation of the instrument of the crucifixion of Jesus, is the best-known symbol of Christianity. It is related to the crucifix (a cross that includes a corpus, usually a three-dimensional representation of Jesus' body) and to the more general family of cross symbols, the term cross itself being detached from the original specifically Christian meaning in modern English (as in many other western languages).",4.125,4.125,4.25,4.25,4.0,4.25,0.677708238363266,0.4026101529598236
Christian cross,church19,1599px-Paris_Notre-Dame_East_View_02.jpeg,a giant church with a beautiful garden,"The Christian cross, seen as a representation of the instrument of the crucifixion of Jesus, is the best-known symbol of Christianity. It is related to the crucifix (a cross that includes a corpus, usually a three-dimensional representation of Jesus' body) and to the more general family of cross symbols, the term cross itself being detached from the original specifically Christian meaning in modern English (as in many other western languages).",2.5,3.0,3.5,,,,0.7047562301158905,0.2197076380252838
Christian cross,church4,Dreifaltigkeitskirche_süd.jpg,"A church is shown with a tall steeple and a cross at the top, meaning two perpendicular rods.","The Christian cross, seen as a representation of the instrument of the crucifixion of Jesus, is the best-known symbol of Christianity. It is related to the crucifix (a cross that includes a corpus, usually a three-dimensional representation of Jesus' body) and to the more general family of cross symbols, the term cross itself being detached from the original specifically Christian meaning in modern English (as in many other western languages).",4.0,4.333333333333333,3.6666666666666665,,,,0.7357646524906158,0.5112377405166626
Christian cross,church19,1599px-Paris_Notre-Dame_East_View_02.jpeg,"A garden, statue and fountain stand next to a tree-lined path that leads to a Gothic cathedral.","The Christian cross, seen as a representation of the instrument of the crucifixion of Jesus, is the best-known symbol of Christianity. It is related to the crucifix (a cross that includes a corpus, usually a three-dimensional representation of Jesus' body) and to the more general family of cross symbols, the term cross itself being detached from the original specifically Christian meaning in modern English (as in many other western languages).",3.5,2.8333333333333335,4.333333333333333,2.75,2.5,3.25,0.7441322505474091,0.1680842936038971
Christian cross,church8,"1443px-Iglesia_Nova_Gracanica,_Trebinje,_Bosnia_y_Herzegovina,_2014-04-14,_DD_04.jpg","The image shows a house of worship, with gold crosses mounted on two of the towers.","The Christian cross, seen as a representation of the instrument of the crucifixion of Jesus, is the best-known symbol of Christianity. It is related to the crucifix (a cross that includes a corpus, usually a three-dimensional representation of Jesus' body) and to the more general family of cross symbols, the term cross itself being detached from the original specifically Christian meaning in modern English (as in many other western languages).",4.0,4.0,4.5,,,,0.7053800672292709,0.38087335228919983
Christian cross,church8,"1443px-Iglesia_Nova_Gracanica,_Trebinje,_Bosnia_y_Herzegovina,_2014-04-14,_DD_04.jpg",A brown church has domes on the roof and they are topped with gold crosses.,"The Christian cross, seen as a representation of the instrument of the crucifixion of Jesus, is the best-known symbol of Christianity. It is related to the crucifix (a cross that includes a corpus, usually a three-dimensional representation of Jesus' body) and to the more general family of cross symbols, the term cross itself being detached from the original specifically Christian meaning in modern English (as in many other western languages).",3.5,3.5,4.0,,,,0.7138669490814209,0.33770543336868286
Christian cross,church8,"1443px-Iglesia_Nova_Gracanica,_Trebinje,_Bosnia_y_Herzegovina,_2014-04-14,_DD_04.jpg","There is a beautiful orange brick church with various domes, windows and golden crosses on roofs.","The Christian cross, seen as a representation of the instrument of the crucifixion of Jesus, is the best-known symbol of Christianity. It is related to the crucifix (a cross that includes a corpus, usually a three-dimensional representation of Jesus' body) and to the more general family of cross symbols, the term cross itself being detached from the original specifically Christian meaning in modern English (as in many other western languages).",3.0,3.0,5.0,,,,0.7184354960918427,0.31261277198791504
Christian cross,church8,"1443px-Iglesia_Nova_Gracanica,_Trebinje,_Bosnia_y_Herzegovina,_2014-04-14,_DD_04.jpg",The exterior of a church building with three gold crosses adorning the rounded roof.,"The Christian cross, seen as a representation of the instrument of the crucifixion of Jesus, is the best-known symbol of Christianity. It is related to the crucifix (a cross that includes a corpus, usually a three-dimensional representation of Jesus' body) and to the more general family of cross symbols, the term cross itself being detached from the original specifically Christian meaning in modern English (as in many other western languages).",2.0,2.0,2.0,,,,0.709121823310852,0.4718252420425415
Christian cross,church8,"1443px-Iglesia_Nova_Gracanica,_Trebinje,_Bosnia_y_Herzegovina,_2014-04-14,_DD_04.jpg","An Eastern Orthodox church fills the photo. It has many archs, halfdomes, and small dones. It has vertical columns of small ciorcular windows. The church is made of light browth stone and red bricks. Crowning the church are three golden crosses botonnees.","The Christian cross, seen as a representation of the instrument of the crucifixion of Jesus, is the best-known symbol of Christianity. It is related to the crucifix (a cross that includes a corpus, usually a three-dimensional representation of Jesus' body) and to the more general family of cross symbols, the term cross itself being detached from the original specifically Christian meaning in modern English (as in many other western languages).",1.0,1.0,5.0,,,,0.7964502274990082,0.42230507731437683
Christian cross,church4,Dreifaltigkeitskirche_süd.jpg,A large brown church built of concrete with a black roof and headstones in front of the building,"The Christian cross, seen as a representation of the instrument of the crucifixion of Jesus, is the best-known symbol of Christianity. It is related to the crucifix (a cross that includes a corpus, usually a three-dimensional representation of Jesus' body) and to the more general family of cross symbols, the term cross itself being detached from the original specifically Christian meaning in modern English (as in many other western languages).",3.5,3.0,3.0,,,,0.6615515053272247,0.2937283217906952
Competition,soccer_in_progress13,"1599px-20191002_Fußball,_Männer,_UEFA_Champions_League,_RB_Leipzig_-_Olympique_Lyonnais_by_Stepro_StP_0278.jpg",A group of soccer players celebrate on the field,"Competition is a rivalry where two or more parties strive for a common goal which cannot be shared: where one's gain is the other's loss (an example of which is a zero-sum game). Competition can arise between entities such as organisms, individuals, economic and social groups, etc. The rivalry can be over attainment of any exclusive goal, including recognition: (e.g. awards, goods, mates, status, prestige), leadership, market share, niches and scarce resources, or a territory.",4.375,4.75,4.25,3.25,3.0,3.75,0.6975129991769791,0.10306057333946228
Competition,soccer_in_progress10,"1599px-20180920_Fussball,_UEFA_Europa_League,_RB_Leipzig_-_FC_Salzburg_by_Stepro_StP_8051.jpg",Three men trying to get to a soccer ball during a game. One man has fallen and two opposing team members are stopping next to him.,"Competition is a rivalry where two or more parties strive for a common goal which cannot be shared: where one's gain is the other's loss (an example of which is a zero-sum game). Competition can arise between entities such as organisms, individuals, economic and social groups, etc. The rivalry can be over attainment of any exclusive goal, including recognition: (e.g. awards, goods, mates, status, prestige), leadership, market share, niches and scarce resources, or a territory.",4.0,3.857142857142857,4.857142857142857,4.0,3.75,4.5,0.641462504863739,0.181100532412529
Competition,soccer_in_progress13,"1599px-20191002_Fußball,_Männer,_UEFA_Champions_League,_RB_Leipzig_-_Olympique_Lyonnais_by_Stepro_StP_0278.jpg",players celebrating a goal,"Competition is a rivalry where two or more parties strive for a common goal which cannot be shared: where one's gain is the other's loss (an example of which is a zero-sum game). Competition can arise between entities such as organisms, individuals, economic and social groups, etc. The rivalry can be over attainment of any exclusive goal, including recognition: (e.g. awards, goods, mates, status, prestige), leadership, market share, niches and scarce resources, or a territory.",3.090909090909091,3.272727272727273,3.727272727272727,2.5,2.0,2.25,0.7107463479042053,0.19857768714427948
Competition,soccer_in_progress10,"1599px-20180920_Fussball,_UEFA_Europa_League,_RB_Leipzig_-_FC_Salzburg_by_Stepro_StP_8051.jpg",A group of men playing soccer as one tries to the kick the ball away from another.,"Competition is a rivalry where two or more parties strive for a common goal which cannot be shared: where one's gain is the other's loss (an example of which is a zero-sum game). Competition can arise between entities such as organisms, individuals, economic and social groups, etc. The rivalry can be over attainment of any exclusive goal, including recognition: (e.g. awards, goods, mates, status, prestige), leadership, market share, niches and scarce resources, or a territory.",3.857142857142857,3.857142857142857,4.0,3.5,3.75,4.0,0.5969458073377609,0.23553049564361572
Competition,soccer_in_progress1,"1599px-Georgios_Ntaviotis_&_Daniel_Souček,_U21_CZE-GRE_2019-10-10.jpg",Two soccer players are seen on the pitch during a game.,"Competition is a rivalry where two or more parties strive for a common goal which cannot be shared: where one's gain is the other's loss (an example of which is a zero-sum game). Competition can arise between entities such as organisms, individuals, economic and social groups, etc. The rivalry can be over attainment of any exclusive goal, including recognition: (e.g. awards, goods, mates, status, prestige), leadership, market share, niches and scarce resources, or a territory.",3.0,2.6666666666666665,4.333333333333333,,,,0.7603081315755844,0.17639698088169098
Competition,soccer_in_progress1,"1599px-Georgios_Ntaviotis_&_Daniel_Souček,_U21_CZE-GRE_2019-10-10.jpg",Two soccer players of opposing teams. One player is on the ground with both knees touching the grass and the other is standing up. The soccer ball is close by but it is in mid air. One player has an all white uniform with blue lettering and the other is a mix between blue and burgundy with white lettering.,"Competition is a rivalry where two or more parties strive for a common goal which cannot be shared: where one's gain is the other's loss (an example of which is a zero-sum game). Competition can arise between entities such as organisms, individuals, economic and social groups, etc. The rivalry can be over attainment of any exclusive goal, including recognition: (e.g. awards, goods, mates, status, prestige), leadership, market share, niches and scarce resources, or a territory.",3.0,4.5,4.0,,,,0.7799279689788818,0.2047509253025055
Competition,soccer_in_progress1,"1599px-Georgios_Ntaviotis_&_Daniel_Souček,_U21_CZE-GRE_2019-10-10.jpg",A tense moment in a soccer competition where one player has lost control of the ball and has fallen.,"Competition is a rivalry where two or more parties strive for a common goal which cannot be shared: where one's gain is the other's loss (an example of which is a zero-sum game). Competition can arise between entities such as organisms, individuals, economic and social groups, etc. The rivalry can be over attainment of any exclusive goal, including recognition: (e.g. awards, goods, mates, status, prestige), leadership, market share, niches and scarce resources, or a territory.",3.3333333333333335,3.6666666666666665,4.333333333333333,,,,0.6815353035926819,0.2621102035045624
Competition,soccer_in_progress1,"1599px-Georgios_Ntaviotis_&_Daniel_Souček,_U21_CZE-GRE_2019-10-10.jpg",Two soccer players are engaged in a competition on a playing field.,"Competition is a rivalry where two or more parties strive for a common goal which cannot be shared: where one's gain is the other's loss (an example of which is a zero-sum game). Competition can arise between entities such as organisms, individuals, economic and social groups, etc. The rivalry can be over attainment of any exclusive goal, including recognition: (e.g. awards, goods, mates, status, prestige), leadership, market share, niches and scarce resources, or a territory.",4.6,4.6,4.6,,,,0.6734469532966614,0.38791680335998535
Competition,soccer_in_progress1,"1599px-Georgios_Ntaviotis_&_Daniel_Souček,_U21_CZE-GRE_2019-10-10.jpg",Two men are playing a soccer game in front of spectators.,"Competition is a rivalry where two or more parties strive for a common goal which cannot be shared: where one's gain is the other's loss (an example of which is a zero-sum game). Competition can arise between entities such as organisms, individuals, economic and social groups, etc. The rivalry can be over attainment of any exclusive goal, including recognition: (e.g. awards, goods, mates, status, prestige), leadership, market share, niches and scarce resources, or a territory.",3.0,3.0,3.0,,,,0.6962024420499802,0.17588229477405548
Competition,soccer_in_progress1,"1599px-Georgios_Ntaviotis_&_Daniel_Souček,_U21_CZE-GRE_2019-10-10.jpg","Two players compete for a ball on a soccer field. One player is on his knees, and is wearing a white jersey. The other player wears a red top, with blue shorts. The ball they're competing for has white, green, and black triangle patterns.","Competition is a rivalry where two or more parties strive for a common goal which cannot be shared: where one's gain is the other's loss (an example of which is a zero-sum game). Competition can arise between entities such as organisms, individuals, economic and social groups, etc. The rivalry can be over attainment of any exclusive goal, including recognition: (e.g. awards, goods, mates, status, prestige), leadership, market share, niches and scarce resources, or a territory.",4.666666666666667,4.333333333333333,4.0,,,,0.7309947907924652,0.2609885334968567
Competition,soccer_in_progress1,"1599px-Georgios_Ntaviotis_&_Daniel_Souček,_U21_CZE-GRE_2019-10-10.jpg","The image depicts two football players from different rival teams, who are vying for dominance of the ball in the middle of the football field. There is a kneeling player on the field with a pain/surprise expression while the second player stands behind him watching the ball, which rises in the air and goes in the direction of him.","Competition is a rivalry where two or more parties strive for a common goal which cannot be shared: where one's gain is the other's loss (an example of which is a zero-sum game). Competition can arise between entities such as organisms, individuals, economic and social groups, etc. The rivalry can be over attainment of any exclusive goal, including recognition: (e.g. awards, goods, mates, status, prestige), leadership, market share, niches and scarce resources, or a territory.",3.5,4.0,3.5,,,,0.6718871742486954,0.2637510895729065
Competition,soccer_in_progress10,"1599px-20180920_Fussball,_UEFA_Europa_League,_RB_Leipzig_-_FC_Salzburg_by_Stepro_StP_8051.jpg",This shows two players from one soccer team and one player from another. They are in the middle of playing soccer. One team is trying to steal the ball from the other.,"Competition is a rivalry where two or more parties strive for a common goal which cannot be shared: where one's gain is the other's loss (an example of which is a zero-sum game). Competition can arise between entities such as organisms, individuals, economic and social groups, etc. The rivalry can be over attainment of any exclusive goal, including recognition: (e.g. awards, goods, mates, status, prestige), leadership, market share, niches and scarce resources, or a territory.",4.0,3.5,4.5,,,,0.6362754851579666,0.2767852544784546
Competition,soccer_in_progress1,"1599px-Georgios_Ntaviotis_&_Daniel_Souček,_U21_CZE-GRE_2019-10-10.jpg",Two soccer players in the middle of a soccer field with a stands in the background.  The player in the foreground is wearing an all white uniform and is on his knees after making a play on the soccer ball which can be seen above him.  The player behind him is wearing a red shirt with blue shorts and appears to be watching the play in front of him.,"Competition is a rivalry where two or more parties strive for a common goal which cannot be shared: where one's gain is the other's loss (an example of which is a zero-sum game). Competition can arise between entities such as organisms, individuals, economic and social groups, etc. The rivalry can be over attainment of any exclusive goal, including recognition: (e.g. awards, goods, mates, status, prestige), leadership, market share, niches and scarce resources, or a territory.",4.0,4.0,4.5,,,,0.7431003451347351,0.12571285665035248
Competition,soccer_in_progress1,"1599px-Georgios_Ntaviotis_&_Daniel_Souček,_U21_CZE-GRE_2019-10-10.jpg","Two soccer players competing for the ball.  One player, dressed in white, has fallen to his knees, while the other, dressed in maroon and blue, is standing and eyeing the ball.  The field is bright green and the crowd in the background appears blurry.","Competition is a rivalry where two or more parties strive for a common goal which cannot be shared: where one's gain is the other's loss (an example of which is a zero-sum game). Competition can arise between entities such as organisms, individuals, economic and social groups, etc. The rivalry can be over attainment of any exclusive goal, including recognition: (e.g. awards, goods, mates, status, prestige), leadership, market share, niches and scarce resources, or a territory.",4.5,5.0,5.0,,,,0.8202345669269562,0.2968675196170807
Consumer electronics,meeting_in_progress7,Atelier_à_l'IFB_-_11_&_12_Mars_2020_(3).jpg,A group of people sitting at a table with computers in front of them and a screen on the wall with information as well.,"Consumer electronics or home electronics are electronic (analog or digital) equipment intended for everyday use, typically in private homes. Consumer electronics include devices used for entertainment, communications and recreation. Usually referred to as black goods due to many products being housed in black or dark casings. This term is used to distinguish them from ""white goods"" which are meant for housekeeping tasks, such as washing machines and refrigerators, although nowadays, these would be considered black goods, some of these being connected to the Internet. ",4.6,4.6,4.2,2.5,3.5,4.0,0.6257513165473938,0.30528441071510315
Consumer electronics,meeting_in_progress2,La_Trobe_Uni_Wikimeetup_March_2020.jpg,A group of smiling people are sitting at a table in an office. Many of the people have open laptop computers in front of them.,"Consumer electronics or home electronics are electronic (analog or digital) equipment intended for everyday use, typically in private homes. Consumer electronics include devices used for entertainment, communications and recreation. Usually referred to as black goods due to many products being housed in black or dark casings. This term is used to distinguish them from ""white goods"" which are meant for housekeeping tasks, such as washing machines and refrigerators, although nowadays, these would be considered black goods, some of these being connected to the Internet. ",3.7777777777777777,3.5555555555555554,4.111111111111111,2.75,2.0,4.0,0.7033476233482361,0.14290551841259003
Consumer electronics,meeting_in_progress17,1600px-Covariant_Founding_Team_at_Covariant_HQ_Anno_November_2017.jpg,Four people are discussing something in a meeting room.  Two of them are on computers and the other two are at a white board.,"Consumer electronics or home electronics are electronic (analog or digital) equipment intended for everyday use, typically in private homes. Consumer electronics include devices used for entertainment, communications and recreation. Usually referred to as black goods due to many products being housed in black or dark casings. This term is used to distinguish them from ""white goods"" which are meant for housekeeping tasks, such as washing machines and refrigerators, although nowadays, these would be considered black goods, some of these being connected to the Internet. ",2.5,4.5,4.5,,,,0.7115311920642853,0.18866980075836182
Consumer electronics,meeting_in_progress17,1600px-Covariant_Founding_Team_at_Covariant_HQ_Anno_November_2017.jpg,"the image shows four people are having a meeting in a meeting room. All four people are male, with one white and three Asians. Two Asians are sitting around a table with three laptops on it. Two other person are standing next to a whiteboard, making a presentation to the seated people. The weather outside is sunny.","Consumer electronics or home electronics are electronic (analog or digital) equipment intended for everyday use, typically in private homes. Consumer electronics include devices used for entertainment, communications and recreation. Usually referred to as black goods due to many products being housed in black or dark casings. This term is used to distinguish them from ""white goods"" which are meant for housekeeping tasks, such as washing machines and refrigerators, although nowadays, these would be considered black goods, some of these being connected to the Internet. ",3.0,2.25,4.25,,,,0.722263976931572,0.19944024085998535
Consumer electronics,meeting_in_progress7,Atelier_à_l'IFB_-_11_&_12_Mars_2020_(3).jpg,This is what seems to be a workplace with several people sitting around a long rectangular shaped table. Each person has a laptop computer. All seem to be working together.,"Consumer electronics or home electronics are electronic (analog or digital) equipment intended for everyday use, typically in private homes. Consumer electronics include devices used for entertainment, communications and recreation. Usually referred to as black goods due to many products being housed in black or dark casings. This term is used to distinguish them from ""white goods"" which are meant for housekeeping tasks, such as washing machines and refrigerators, although nowadays, these would be considered black goods, some of these being connected to the Internet. ",1.5,1.5,4.5,,,,0.6651407480239868,0.2734018564224243
Consumer electronics,meeting_in_progress7,Atelier_à_l'IFB_-_11_&_12_Mars_2020_(3).jpg,A group of men and women working at a long table with various electronics in front of them.,"Consumer electronics or home electronics are electronic (analog or digital) equipment intended for everyday use, typically in private homes. Consumer electronics include devices used for entertainment, communications and recreation. Usually referred to as black goods due to many products being housed in black or dark casings. This term is used to distinguish them from ""white goods"" which are meant for housekeeping tasks, such as washing machines and refrigerators, although nowadays, these would be considered black goods, some of these being connected to the Internet. ",4.333333333333333,5.0,4.0,,,,0.639478862285614,0.33326277136802673
Consumer electronics,meeting_in_progress7,Atelier_à_l'IFB_-_11_&_12_Mars_2020_(3).jpg,"The image is of a room that contains a large, rectangular table that has approximately 12 people sitting and working on it. Each person is on a laptop, sitting on a black chair. Some of these people have water bottles, while others have earphones. In the background there is an image being projected on a white board.","Consumer electronics or home electronics are electronic (analog or digital) equipment intended for everyday use, typically in private homes. Consumer electronics include devices used for entertainment, communications and recreation. Usually referred to as black goods due to many products being housed in black or dark casings. This term is used to distinguish them from ""white goods"" which are meant for housekeeping tasks, such as washing machines and refrigerators, although nowadays, these would be considered black goods, some of these being connected to the Internet. ",3.5,2.75,2.25,,,,0.674709677696228,0.2443365752696991
Consumer electronics,meeting_in_progress17,1600px-Covariant_Founding_Team_at_Covariant_HQ_Anno_November_2017.jpg,Two men give a presentation.,"Consumer electronics or home electronics are electronic (analog or digital) equipment intended for everyday use, typically in private homes. Consumer electronics include devices used for entertainment, communications and recreation. Usually referred to as black goods due to many products being housed in black or dark casings. This term is used to distinguish them from ""white goods"" which are meant for housekeeping tasks, such as washing machines and refrigerators, although nowadays, these would be considered black goods, some of these being connected to the Internet. ",1.8333333333333333,2.1666666666666665,4.0,2.0,3.0,2.75,0.5832215026021004,0.11799590289592743
Consumer electronics,meeting_in_progress2,La_Trobe_Uni_Wikimeetup_March_2020.jpg,A group of men and women sitting around a table in a window filled room with their laptop computers in front of them.  They are all looking at the camera and smiling as if they were posing  for the picture.,"Consumer electronics or home electronics are electronic (analog or digital) equipment intended for everyday use, typically in private homes. Consumer electronics include devices used for entertainment, communications and recreation. Usually referred to as black goods due to many products being housed in black or dark casings. This term is used to distinguish them from ""white goods"" which are meant for housekeeping tasks, such as washing machines and refrigerators, although nowadays, these would be considered black goods, some of these being connected to the Internet. ",5.0,4.0,5.0,,,,0.685485228896141,0.251700758934021
Consumer electronics,meeting_in_progress2,La_Trobe_Uni_Wikimeetup_March_2020.jpg,"A group of nine people, three women and six men are sitting around a two boardroom meeting tables that have been pushed together. Each person except for one man has a laptop open in front of them. Each person is looking up from their laptops and looking at the camera and smiling. They are in an office setting in front of a large window. There is a clear view to the outside which is lush with greenery.","Consumer electronics or home electronics are electronic (analog or digital) equipment intended for everyday use, typically in private homes. Consumer electronics include devices used for entertainment, communications and recreation. Usually referred to as black goods due to many products being housed in black or dark casings. This term is used to distinguish them from ""white goods"" which are meant for housekeeping tasks, such as washing machines and refrigerators, although nowadays, these would be considered black goods, some of these being connected to the Internet. ",2.4,2.4,4.2,4.75,3.5,4.75,0.6852962076663971,0.17533425986766815
Consumer electronics,meeting_in_progress2,La_Trobe_Uni_Wikimeetup_March_2020.jpg,This picture shows nine people of varying ages and sex sitting around a conference table.  The room there are in is large and bright with one wall of only windows looking out upon the structure.  Each individual is smiling at the camera.  They all have some type of laptop in front of them.  They are dressed in casual business attire.,"Consumer electronics or home electronics are electronic (analog or digital) equipment intended for everyday use, typically in private homes. Consumer electronics include devices used for entertainment, communications and recreation. Usually referred to as black goods due to many products being housed in black or dark casings. This term is used to distinguish them from ""white goods"" which are meant for housekeeping tasks, such as washing machines and refrigerators, although nowadays, these would be considered black goods, some of these being connected to the Internet. ",2.5,3.5,3.5,,,,0.6738060712814331,0.23048998415470123
Consumer electronics,meeting_in_progress7,Atelier_à_l'IFB_-_11_&_12_Mars_2020_(3).jpg,A group of Black people with laptops set around a table listening to a presentation,"Consumer electronics or home electronics are electronic (analog or digital) equipment intended for everyday use, typically in private homes. Consumer electronics include devices used for entertainment, communications and recreation. Usually referred to as black goods due to many products being housed in black or dark casings. This term is used to distinguish them from ""white goods"" which are meant for housekeeping tasks, such as washing machines and refrigerators, although nowadays, these would be considered black goods, some of these being connected to the Internet. ",3.0,3.0,4.5,,,,0.6761673092842102,0.33577534556388855
Consumer electronics,meeting_in_progress2,La_Trobe_Uni_Wikimeetup_March_2020.jpg,a group meeting in a large conference room,"Consumer electronics or home electronics are electronic (analog or digital) equipment intended for everyday use, typically in private homes. Consumer electronics include devices used for entertainment, communications and recreation. Usually referred to as black goods due to many products being housed in black or dark casings. This term is used to distinguish them from ""white goods"" which are meant for housekeeping tasks, such as washing machines and refrigerators, although nowadays, these would be considered black goods, some of these being connected to the Internet. ",2.5,2.5,3.5,,,,0.5958373844623566,0.13618585467338562
Consumer electronics,meeting_in_progress7,Atelier_à_l'IFB_-_11_&_12_Mars_2020_(3).jpg,There are many people sitting in chairs on both sides of long table looking at their laptops amd having a meeting,"Consumer electronics or home electronics are electronic (analog or digital) equipment intended for everyday use, typically in private homes. Consumer electronics include devices used for entertainment, communications and recreation. Usually referred to as black goods due to many products being housed in black or dark casings. This term is used to distinguish them from ""white goods"" which are meant for housekeeping tasks, such as washing machines and refrigerators, although nowadays, these would be considered black goods, some of these being connected to the Internet. ",4.5,4.5,4.0,,,,0.6544965505599976,0.2188667356967926
Consumer electronics,meeting_in_progress7,Atelier_à_l'IFB_-_11_&_12_Mars_2020_(3).jpg,A room with a long table seating 12 people.  Each person has a laptop in front of them and there is an image projected on the wall at the end of the room.,"Consumer electronics or home electronics are electronic (analog or digital) equipment intended for everyday use, typically in private homes. Consumer electronics include devices used for entertainment, communications and recreation. Usually referred to as black goods due to many products being housed in black or dark casings. This term is used to distinguish them from ""white goods"" which are meant for housekeeping tasks, such as washing machines and refrigerators, although nowadays, these would be considered black goods, some of these being connected to the Internet. ",2.0,2.0,3.3333333333333335,,,,0.6464697420597076,0.2212875783443451
Consumer electronics,meeting_in_progress2,La_Trobe_Uni_Wikimeetup_March_2020.jpg,"A group of people, each sitting with their laptop devices in front of them, are seated at a table in a conference room.","Consumer electronics or home electronics are electronic (analog or digital) equipment intended for everyday use, typically in private homes. Consumer electronics include devices used for entertainment, communications and recreation. Usually referred to as black goods due to many products being housed in black or dark casings. This term is used to distinguish them from ""white goods"" which are meant for housekeeping tasks, such as washing machines and refrigerators, although nowadays, these would be considered black goods, some of these being connected to the Internet. ",2.0,2.0,5.0,,,,0.6426064670085907,0.3090822398662567
Consumer electronics,meeting_in_progress17,1600px-Covariant_Founding_Team_at_Covariant_HQ_Anno_November_2017.jpg,a group of workers discussing,"Consumer electronics or home electronics are electronic (analog or digital) equipment intended for everyday use, typically in private homes. Consumer electronics include devices used for entertainment, communications and recreation. Usually referred to as black goods due to many products being housed in black or dark casings. This term is used to distinguish them from ""white goods"" which are meant for housekeeping tasks, such as washing machines and refrigerators, although nowadays, these would be considered black goods, some of these being connected to the Internet. ",1.0,1.0,3.0,,,,0.6366376578807831,0.12668003141880035
Consumer electronics,meeting_in_progress2,La_Trobe_Uni_Wikimeetup_March_2020.jpg,The picture shows a group of people sitting around a table.  Most of the people have open laptop computers.,"Consumer electronics or home electronics are electronic (analog or digital) equipment intended for everyday use, typically in private homes. Consumer electronics include devices used for entertainment, communications and recreation. Usually referred to as black goods due to many products being housed in black or dark casings. This term is used to distinguish them from ""white goods"" which are meant for housekeeping tasks, such as washing machines and refrigerators, although nowadays, these would be considered black goods, some of these being connected to the Internet. ",3.3333333333333335,3.3333333333333335,4.333333333333333,,,,0.6831017136573792,0.2884286642074585
Consumer electronics,meeting_in_progress17,1600px-Covariant_Founding_Team_at_Covariant_HQ_Anno_November_2017.jpg,Four men gather around an office table. Each has laptops and one gestures at some figures on a whiteboard.,"Consumer electronics or home electronics are electronic (analog or digital) equipment intended for everyday use, typically in private homes. Consumer electronics include devices used for entertainment, communications and recreation. Usually referred to as black goods due to many products being housed in black or dark casings. This term is used to distinguish them from ""white goods"" which are meant for housekeeping tasks, such as washing machines and refrigerators, although nowadays, these would be considered black goods, some of these being connected to the Internet. ",3.0,3.0,2.0,,,,0.6988765299320221,0.21664664149284363
Cooperation,meeting_in_progress7,Atelier_à_l'IFB_-_11_&_12_Mars_2020_(3).jpg,a group of people sit around a conference table in front of laptop computers.,"Cooperation (written as co-operation in British English) is the process of groups of organisms working or acting together for common, mutual, or some underlying benefit, as opposed to working in competition for selfish benefit. Many animal and plant species cooperate both with other members of their own species and with members of other species (symbiosis or mutualism).",4.166666666666667,4.0,4.666666666666667,3.75,3.5,4.5,0.6450247764587402,0.1787901371717453
Cooperation,meeting_in_progress2,La_Trobe_Uni_Wikimeetup_March_2020.jpg,A group of people are at a table with computers in an office.,"Cooperation (written as co-operation in British English) is the process of groups of organisms working or acting together for common, mutual, or some underlying benefit, as opposed to working in competition for selfish benefit. Many animal and plant species cooperate both with other members of their own species and with members of other species (symbiosis or mutualism).",2.5,2.0,4.0,,,,0.6815490126609802,0.16663138568401337
Cooperation,meeting_in_progress17,1600px-Covariant_Founding_Team_at_Covariant_HQ_Anno_November_2017.jpg,Four men are working together in an office while using computers and white boards.,"Cooperation (written as co-operation in British English) is the process of groups of organisms working or acting together for common, mutual, or some underlying benefit, as opposed to working in competition for selfish benefit. Many animal and plant species cooperate both with other members of their own species and with members of other species (symbiosis or mutualism).",4.142857142857143,4.571428571428571,4.285714285714286,3.0,3.75,3.75,0.6759818643331528,0.2572186291217804
Cooperation,meeting_in_progress2,La_Trobe_Uni_Wikimeetup_March_2020.jpg,"Nine people are sitting around a table in front of laptop computers, having a meeting.","Cooperation (written as co-operation in British English) is the process of groups of organisms working or acting together for common, mutual, or some underlying benefit, as opposed to working in competition for selfish benefit. Many animal and plant species cooperate both with other members of their own species and with members of other species (symbiosis or mutualism).",4.2,4.0,4.8,,,,0.6906348466873169,0.1593930423259735
Cooperation,meeting_in_progress17,1600px-Covariant_Founding_Team_at_Covariant_HQ_Anno_November_2017.jpg,A business meeting with four people discussing something. There are two people sitting in a table with their laptops out. There are two other people explaining things next to a whiteboard.,"Cooperation (written as co-operation in British English) is the process of groups of organisms working or acting together for common, mutual, or some underlying benefit, as opposed to working in competition for selfish benefit. Many animal and plant species cooperate both with other members of their own species and with members of other species (symbiosis or mutualism).",4.0,4.0,4.4,,,,0.7087988406419754,0.20739425718784332
Cooperation,meeting_in_progress2,La_Trobe_Uni_Wikimeetup_March_2020.jpg,"Nine different coworkers are sitting around a light colored table in a glass-walled conference room. They are all smiling and dressed professionally, and have laptops in front of them. They are different sexes, ages, and races.","Cooperation (written as co-operation in British English) is the process of groups of organisms working or acting together for common, mutual, or some underlying benefit, as opposed to working in competition for selfish benefit. Many animal and plant species cooperate both with other members of their own species and with members of other species (symbiosis or mutualism).",5.0,5.0,5.0,,,,0.7435125857591629,0.24091991782188416
Cooperation,meeting_in_progress7,Atelier_à_l'IFB_-_11_&_12_Mars_2020_(3).jpg,"A group of people all sit at a large table working together as they all stare at their computers, as a slideshow is played in the background.","Cooperation (written as co-operation in British English) is the process of groups of organisms working or acting together for common, mutual, or some underlying benefit, as opposed to working in competition for selfish benefit. Many animal and plant species cooperate both with other members of their own species and with members of other species (symbiosis or mutualism).",3.6,3.8,4.4,,,,0.6549554318189621,0.21093079447746277
Cooperation,meeting_in_progress7,Atelier_à_l'IFB_-_11_&_12_Mars_2020_(3).jpg,It shows a group of humans sitting in a meeting together.,"Cooperation (written as co-operation in British English) is the process of groups of organisms working or acting together for common, mutual, or some underlying benefit, as opposed to working in competition for selfish benefit. Many animal and plant species cooperate both with other members of their own species and with members of other species (symbiosis or mutualism).",4.0,3.8,4.4,2.75,3.25,3.25,0.6015050783753395,0.17939800024032593
Cooperation,meeting_in_progress2,La_Trobe_Uni_Wikimeetup_March_2020.jpg,"A communal office space inside of a modern building with a large desk for many people.  Nine people are sitting at the table, facing each other, and are cooperating on work.  There are also several computers on the table.","Cooperation (written as co-operation in British English) is the process of groups of organisms working or acting together for common, mutual, or some underlying benefit, as opposed to working in competition for selfish benefit. Many animal and plant species cooperate both with other members of their own species and with members of other species (symbiosis or mutualism).",4.666666666666667,4.666666666666667,3.6666666666666665,,,,0.6528165936470032,0.33423057198524475
Cooperation,meeting_in_progress17,1600px-Covariant_Founding_Team_at_Covariant_HQ_Anno_November_2017.jpg,a group of males in a room with laptops and two males standing up infront of a chalkboard explaining something to the other two males that are sitting down,"Cooperation (written as co-operation in British English) is the process of groups of organisms working or acting together for common, mutual, or some underlying benefit, as opposed to working in competition for selfish benefit. Many animal and plant species cooperate both with other members of their own species and with members of other species (symbiosis or mutualism).",4.222222222222222,4.111111111111111,4.555555555555555,4.0,4.25,4.75,0.7065728306770325,0.1238962709903717
Cooperation,meeting_in_progress2,La_Trobe_Uni_Wikimeetup_March_2020.jpg,A team of professional employees participating in a group meeting to achieve a predetermined goal.,"Cooperation (written as co-operation in British English) is the process of groups of organisms working or acting together for common, mutual, or some underlying benefit, as opposed to working in competition for selfish benefit. Many animal and plant species cooperate both with other members of their own species and with members of other species (symbiosis or mutualism).",3.6666666666666665,4.0,3.6666666666666665,,,,0.622316524386406,0.3712514638900757
Cooperation,meeting_in_progress2,La_Trobe_Uni_Wikimeetup_March_2020.jpg,A group of co-workers in a meeting room.,"Cooperation (written as co-operation in British English) is the process of groups of organisms working or acting together for common, mutual, or some underlying benefit, as opposed to working in competition for selfish benefit. Many animal and plant species cooperate both with other members of their own species and with members of other species (symbiosis or mutualism).",4.0,4.0,5.0,,,,0.6347665190696716,0.3483901023864746
Cooperation,meeting_in_progress7,Atelier_à_l'IFB_-_11_&_12_Mars_2020_(3).jpg,There's a group of 12 people sitting around a long table. Everyone has a laptop in front of them and there's a projection screen on the back wall. This group of people consist of mainly all males except 2 females.,"Cooperation (written as co-operation in British English) is the process of groups of organisms working or acting together for common, mutual, or some underlying benefit, as opposed to working in competition for selfish benefit. Many animal and plant species cooperate both with other members of their own species and with members of other species (symbiosis or mutualism).",3.6666666666666665,4.0,4.333333333333333,,,,0.6273223459720612,0.11940442025661469
Dinner,laid_table12,"1600px-2019-11-28_14_40_55_A_dinner_table_laid_out_for_Thanksgiving_Dinner_in_the_Parkway_Village_section_of_Ewing_Township,_Mercer_County,_New_Jersey.jpg","A table with many varied types of foods, drinks, dinnerware, and silverware. The table has a red and green tablecloth and has wooden chairs surrounding it.","Dinner usually refers to what is in many Western cultures the largest and most formal meal of the day, which some Westerners eat in the evening. Historically the largest meal used to be eaten around midday, and called dinner. In Western cultures, especially among the elite, it gradually migrated later in the day over the 16th to 19th centuries. However, the word ""dinner"" can have different meanings depending on culture, and may mean a meal of any size eaten at any time of day. In particular, it is still sometimes used for a meal at noon or in the early afternoon on special occasions, such as a Christmas dinner. In hot climates, people have always tended to eat the main meal in the evening, after the temperature has fallen.",4.666666666666667,4.666666666666667,4.333333333333333,,,,0.8071785420179367,0.3546714782714844
Dinner,laid_table3,Earth_to_Table_DInner_with_Gunnar_Karl_Gíslason_(15640694895).jpg,Chefs prepare plates of food.,"Dinner usually refers to what is in many Western cultures the largest and most formal meal of the day, which some Westerners eat in the evening. Historically the largest meal used to be eaten around midday, and called dinner. In Western cultures, especially among the elite, it gradually migrated later in the day over the 16th to 19th centuries. However, the word ""dinner"" can have different meanings depending on culture, and may mean a meal of any size eaten at any time of day. In particular, it is still sometimes used for a meal at noon or in the early afternoon on special occasions, such as a Christmas dinner. In hot climates, people have always tended to eat the main meal in the evening, after the temperature has fallen.",3.6666666666666665,4.5,4.166666666666667,2.75,2.75,3.5,0.7693257927894592,0.3129785656929016
Dinner,laid_table3,Earth_to_Table_DInner_with_Gunnar_Karl_Gíslason_(15640694895).jpg,A group of men and woman preparing multiple dishes for people to eat.,"Dinner usually refers to what is in many Western cultures the largest and most formal meal of the day, which some Westerners eat in the evening. Historically the largest meal used to be eaten around midday, and called dinner. In Western cultures, especially among the elite, it gradually migrated later in the day over the 16th to 19th centuries. However, the word ""dinner"" can have different meanings depending on culture, and may mean a meal of any size eaten at any time of day. In particular, it is still sometimes used for a meal at noon or in the early afternoon on special occasions, such as a Christmas dinner. In hot climates, people have always tended to eat the main meal in the evening, after the temperature has fallen.",3.0,2.8,3.2,,,,0.6855429708957672,0.29871582984924316
Dinner,laid_table12,"1600px-2019-11-28_14_40_55_A_dinner_table_laid_out_for_Thanksgiving_Dinner_in_the_Parkway_Village_section_of_Ewing_Township,_Mercer_County,_New_Jersey.jpg","A traditional American meal filling up a table. There is a red table cloth and plate settings. In addition, there are red solo cups for drinks. Food  items include pie, vegetables, mashed potatoes, deviled eggs, and shredded chicken.","Dinner usually refers to what is in many Western cultures the largest and most formal meal of the day, which some Westerners eat in the evening. Historically the largest meal used to be eaten around midday, and called dinner. In Western cultures, especially among the elite, it gradually migrated later in the day over the 16th to 19th centuries. However, the word ""dinner"" can have different meanings depending on culture, and may mean a meal of any size eaten at any time of day. In particular, it is still sometimes used for a meal at noon or in the early afternoon on special occasions, such as a Christmas dinner. In hot climates, people have always tended to eat the main meal in the evening, after the temperature has fallen.",4.0,4.0,5.0,,,,0.906369686126709,0.45889055728912354
Dinner,laid_table3,Earth_to_Table_DInner_with_Gunnar_Karl_Gíslason_(15640694895).jpg,The image shows a group of chiefs preparing dishes in a large kitchen of a restaurant.,"Dinner usually refers to what is in many Western cultures the largest and most formal meal of the day, which some Westerners eat in the evening. Historically the largest meal used to be eaten around midday, and called dinner. In Western cultures, especially among the elite, it gradually migrated later in the day over the 16th to 19th centuries. However, the word ""dinner"" can have different meanings depending on culture, and may mean a meal of any size eaten at any time of day. In particular, it is still sometimes used for a meal at noon or in the early afternoon on special occasions, such as a Christmas dinner. In hot climates, people have always tended to eat the main meal in the evening, after the temperature has fallen.",4.0,3.6666666666666665,5.0,,,,0.7067569345235825,0.2879182696342468
Dinner,laid_table12,"1600px-2019-11-28_14_40_55_A_dinner_table_laid_out_for_Thanksgiving_Dinner_in_the_Parkway_Village_section_of_Ewing_Township,_Mercer_County,_New_Jersey.jpg","There is a table set with plates of vegetables, turkey, and drinks with silverware.","Dinner usually refers to what is in many Western cultures the largest and most formal meal of the day, which some Westerners eat in the evening. Historically the largest meal used to be eaten around midday, and called dinner. In Western cultures, especially among the elite, it gradually migrated later in the day over the 16th to 19th centuries. However, the word ""dinner"" can have different meanings depending on culture, and may mean a meal of any size eaten at any time of day. In particular, it is still sometimes used for a meal at noon or in the early afternoon on special occasions, such as a Christmas dinner. In hot climates, people have always tended to eat the main meal in the evening, after the temperature has fallen.",5.0,4.5,4.5,,,,0.7971172779798508,0.4574665427207947
Dinner,laid_table14,"Thanksgiving_Dinner_Table,_Broward_County_Florida,_1971_02.jpg",A home dining table with plate settings and a large roasted turkey.,"Dinner usually refers to what is in many Western cultures the largest and most formal meal of the day, which some Westerners eat in the evening. Historically the largest meal used to be eaten around midday, and called dinner. In Western cultures, especially among the elite, it gradually migrated later in the day over the 16th to 19th centuries. However, the word ""dinner"" can have different meanings depending on culture, and may mean a meal of any size eaten at any time of day. In particular, it is still sometimes used for a meal at noon or in the early afternoon on special occasions, such as a Christmas dinner. In hot climates, people have always tended to eat the main meal in the evening, after the temperature has fallen.",4.0,4.0,4.666666666666667,,,,0.9077086299657822,0.4705231189727783
Dinner,laid_table14,"Thanksgiving_Dinner_Table,_Broward_County_Florida,_1971_02.jpg",A dinner table is shown with food and drinks that will be consumed at a traditional dinner setting.,"Dinner usually refers to what is in many Western cultures the largest and most formal meal of the day, which some Westerners eat in the evening. Historically the largest meal used to be eaten around midday, and called dinner. In Western cultures, especially among the elite, it gradually migrated later in the day over the 16th to 19th centuries. However, the word ""dinner"" can have different meanings depending on culture, and may mean a meal of any size eaten at any time of day. In particular, it is still sometimes used for a meal at noon or in the early afternoon on special occasions, such as a Christmas dinner. In hot climates, people have always tended to eat the main meal in the evening, after the temperature has fallen.",3.875,3.875,4.5,2.5,3.25,3.75,0.7905691862106323,0.5818708539009094
Dinner,laid_table14,"Thanksgiving_Dinner_Table,_Broward_County_Florida,_1971_02.jpg","A dining room table is set for dinner, with plates, knives, forks, spoons, and glasses, while a cooked turkey and floral centerpiece sit in the middle of the table.","Dinner usually refers to what is in many Western cultures the largest and most formal meal of the day, which some Westerners eat in the evening. Historically the largest meal used to be eaten around midday, and called dinner. In Western cultures, especially among the elite, it gradually migrated later in the day over the 16th to 19th centuries. However, the word ""dinner"" can have different meanings depending on culture, and may mean a meal of any size eaten at any time of day. In particular, it is still sometimes used for a meal at noon or in the early afternoon on special occasions, such as a Christmas dinner. In hot climates, people have always tended to eat the main meal in the evening, after the temperature has fallen.",4.571428571428571,4.571428571428571,4.428571428571429,4.5,4.75,4.75,0.9073027968406677,0.5370623469352722
Dinner,laid_table12,"1600px-2019-11-28_14_40_55_A_dinner_table_laid_out_for_Thanksgiving_Dinner_in_the_Parkway_Village_section_of_Ewing_Township,_Mercer_County,_New_Jersey.jpg",This is a dining room table with a table cloth covering the top. It has six chair settings. There is a great deal of food in different dishes but all the dinner plates are empty. No one has sat down for the meal yet.,"Dinner usually refers to what is in many Western cultures the largest and most formal meal of the day, which some Westerners eat in the evening. Historically the largest meal used to be eaten around midday, and called dinner. In Western cultures, especially among the elite, it gradually migrated later in the day over the 16th to 19th centuries. However, the word ""dinner"" can have different meanings depending on culture, and may mean a meal of any size eaten at any time of day. In particular, it is still sometimes used for a meal at noon or in the early afternoon on special occasions, such as a Christmas dinner. In hot climates, people have always tended to eat the main meal in the evening, after the temperature has fallen.",4.333333333333333,4.666666666666667,4.666666666666667,,,,0.7402779161930084,0.48136812448501587
Dinner,laid_table12,"1600px-2019-11-28_14_40_55_A_dinner_table_laid_out_for_Thanksgiving_Dinner_in_the_Parkway_Village_section_of_Ewing_Township,_Mercer_County,_New_Jersey.jpg",a big dinner table with lots of food and plates with utensils served on the side,"Dinner usually refers to what is in many Western cultures the largest and most formal meal of the day, which some Westerners eat in the evening. Historically the largest meal used to be eaten around midday, and called dinner. In Western cultures, especially among the elite, it gradually migrated later in the day over the 16th to 19th centuries. However, the word ""dinner"" can have different meanings depending on culture, and may mean a meal of any size eaten at any time of day. In particular, it is still sometimes used for a meal at noon or in the early afternoon on special occasions, such as a Christmas dinner. In hot climates, people have always tended to eat the main meal in the evening, after the temperature has fallen.",4.0,3.6666666666666665,5.0,,,,0.7663667947053909,0.5428028702735901
Dinner,laid_table12,"1600px-2019-11-28_14_40_55_A_dinner_table_laid_out_for_Thanksgiving_Dinner_in_the_Parkway_Village_section_of_Ewing_Township,_Mercer_County,_New_Jersey.jpg",This is a table filled with food and dishes. Appears to be an American Thanksgiving.,"Dinner usually refers to what is in many Western cultures the largest and most formal meal of the day, which some Westerners eat in the evening. Historically the largest meal used to be eaten around midday, and called dinner. In Western cultures, especially among the elite, it gradually migrated later in the day over the 16th to 19th centuries. However, the word ""dinner"" can have different meanings depending on culture, and may mean a meal of any size eaten at any time of day. In particular, it is still sometimes used for a meal at noon or in the early afternoon on special occasions, such as a Christmas dinner. In hot climates, people have always tended to eat the main meal in the evening, after the temperature has fallen.",3.5,3.6666666666666665,3.8333333333333335,3.5,3.75,4.5,0.8341062813997269,0.48623234033584595
Dinner,laid_table3,Earth_to_Table_DInner_with_Gunnar_Karl_Gíslason_(15640694895).jpg,"The kitchen of a restaurant is shown, and there are many chefs working around a long table on which are many plates of food.","Dinner usually refers to what is in many Western cultures the largest and most formal meal of the day, which some Westerners eat in the evening. Historically the largest meal used to be eaten around midday, and called dinner. In Western cultures, especially among the elite, it gradually migrated later in the day over the 16th to 19th centuries. However, the word ""dinner"" can have different meanings depending on culture, and may mean a meal of any size eaten at any time of day. In particular, it is still sometimes used for a meal at noon or in the early afternoon on special occasions, such as a Christmas dinner. In hot climates, people have always tended to eat the main meal in the evening, after the temperature has fallen.",4.0,4.0,4.25,,,,0.704021081328392,0.25792157649993896
Furniture,living_room15,wiki_livingroom.jpg,"Two men and a woman gather in a living room which has two sofas, an accent table, and a fireplace. The people seem deep in conversation.","Furniture refers to movable objects intended to support various human activities such as seating (e.g., chairs, stools, and sofas), eating (tables), and sleeping (e.g., beds). Furniture is also used to hold objects at a convenient height for work (as horizontal surfaces above the ground, such as tables and desks), or to store things (e.g., cupboards and shelves). Furniture can be a product of design and is considered a form of decorative art. In addition to furniture's functional role, it can serve a symbolic or religious purpose. It can be made from many materials, including metal, plastic, and wood. Furniture can be made using a variety of woodworking joints which often reflect the local culture.",4.5,4.75,5.0,,,,0.7282631099224091,0.35803890228271484
Furniture,meeting_in_progress2,La_Trobe_Uni_Wikimeetup_March_2020.jpg,There is a room with many windows and furniture. A group of people with computers are sitting on chairs around a table.,"Furniture refers to movable objects intended to support various human activities such as seating (e.g., chairs, stools, and sofas), eating (tables), and sleeping (e.g., beds). Furniture is also used to hold objects at a convenient height for work (as horizontal surfaces above the ground, such as tables and desks), or to store things (e.g., cupboards and shelves). Furniture can be a product of design and is considered a form of decorative art. In addition to furniture's functional role, it can serve a symbolic or religious purpose. It can be made from many materials, including metal, plastic, and wood. Furniture can be made using a variety of woodworking joints which often reflect the local culture.",4.0,4.5,4.5,,,,0.6509742885828018,0.4967535138130188
Furniture,meeting_in_progress17,1600px-Covariant_Founding_Team_at_Covariant_HQ_Anno_November_2017.jpg,"Four people in a white office space with windows, using laptops and a whiteboard","Furniture refers to movable objects intended to support various human activities such as seating (e.g., chairs, stools, and sofas), eating (tables), and sleeping (e.g., beds). Furniture is also used to hold objects at a convenient height for work (as horizontal surfaces above the ground, such as tables and desks), or to store things (e.g., cupboards and shelves). Furniture can be a product of design and is considered a form of decorative art. In addition to furniture's functional role, it can serve a symbolic or religious purpose. It can be made from many materials, including metal, plastic, and wood. Furniture can be made using a variety of woodworking joints which often reflect the local culture.",2.5,2.5,3.0,,,,0.6933783739805222,0.28788384795188904
Furniture,meeting_in_progress17,1600px-Covariant_Founding_Team_at_Covariant_HQ_Anno_November_2017.jpg,"A small office space with 4 people, 2 sitting at a table with laptops and 2 standing by a whiteboard.","Furniture refers to movable objects intended to support various human activities such as seating (e.g., chairs, stools, and sofas), eating (tables), and sleeping (e.g., beds). Furniture is also used to hold objects at a convenient height for work (as horizontal surfaces above the ground, such as tables and desks), or to store things (e.g., cupboards and shelves). Furniture can be a product of design and is considered a form of decorative art. In addition to furniture's functional role, it can serve a symbolic or religious purpose. It can be made from many materials, including metal, plastic, and wood. Furniture can be made using a variety of woodworking joints which often reflect the local culture.",3.5,2.25,4.5,,,,0.6693211197853088,0.360460489988327
Furniture,living_room6,Wohnzimmer_Fallada_1.JPG,There are wooden chairs around a round table that is also made out of wood. To the side of the table there is a wooden cabinet with glass doors used to keep tea cups.,"Furniture refers to movable objects intended to support various human activities such as seating (e.g., chairs, stools, and sofas), eating (tables), and sleeping (e.g., beds). Furniture is also used to hold objects at a convenient height for work (as horizontal surfaces above the ground, such as tables and desks), or to store things (e.g., cupboards and shelves). Furniture can be a product of design and is considered a form of decorative art. In addition to furniture's functional role, it can serve a symbolic or religious purpose. It can be made from many materials, including metal, plastic, and wood. Furniture can be made using a variety of woodworking joints which often reflect the local culture.",4.8,4.8,4.4,4.75,4.5,4.75,0.6702369451522827,0.6245737671852112
Furniture,meeting_in_progress7,Atelier_à_l'IFB_-_11_&_12_Mars_2020_(3).jpg,It's people sitting on plastic chairs alongside a large table. It's in a building and there's a lot of computers on the table.,"Furniture refers to movable objects intended to support various human activities such as seating (e.g., chairs, stools, and sofas), eating (tables), and sleeping (e.g., beds). Furniture is also used to hold objects at a convenient height for work (as horizontal surfaces above the ground, such as tables and desks), or to store things (e.g., cupboards and shelves). Furniture can be a product of design and is considered a form of decorative art. In addition to furniture's functional role, it can serve a symbolic or religious purpose. It can be made from many materials, including metal, plastic, and wood. Furniture can be made using a variety of woodworking joints which often reflect the local culture.",3.0,4.0,5.0,,,,0.599009245634079,0.294467955827713
Furniture,meeting_in_progress17,1600px-Covariant_Founding_Team_at_Covariant_HQ_Anno_November_2017.jpg,Four men hold a discussion inside a room. The room is painted white. They're using a white dry-erase board with a green marker. Two of them sit at a white table. 4 computers and one phone sit on the table. A large window offers a view of a bay.,"Furniture refers to movable objects intended to support various human activities such as seating (e.g., chairs, stools, and sofas), eating (tables), and sleeping (e.g., beds). Furniture is also used to hold objects at a convenient height for work (as horizontal surfaces above the ground, such as tables and desks), or to store things (e.g., cupboards and shelves). Furniture can be a product of design and is considered a form of decorative art. In addition to furniture's functional role, it can serve a symbolic or religious purpose. It can be made from many materials, including metal, plastic, and wood. Furniture can be made using a variety of woodworking joints which often reflect the local culture.",3.1666666666666665,4.0,4.333333333333333,4.25,3.75,4.5,0.6472218036651611,0.27312999963760376
Furniture,living_room15,wiki_livingroom.jpg,Three people are in a living room on two separate couches with a coffee table in between the two of them.,"Furniture refers to movable objects intended to support various human activities such as seating (e.g., chairs, stools, and sofas), eating (tables), and sleeping (e.g., beds). Furniture is also used to hold objects at a convenient height for work (as horizontal surfaces above the ground, such as tables and desks), or to store things (e.g., cupboards and shelves). Furniture can be a product of design and is considered a form of decorative art. In addition to furniture's functional role, it can serve a symbolic or religious purpose. It can be made from many materials, including metal, plastic, and wood. Furniture can be made using a variety of woodworking joints which often reflect the local culture.",4.5,4.5,4.5,,,,0.661388486623764,0.43146854639053345
Furniture,meeting_in_progress2,La_Trobe_Uni_Wikimeetup_March_2020.jpg,a group of people sitting around a conference table  with laptops while looking back at the camera,"Furniture refers to movable objects intended to support various human activities such as seating (e.g., chairs, stools, and sofas), eating (tables), and sleeping (e.g., beds). Furniture is also used to hold objects at a convenient height for work (as horizontal surfaces above the ground, such as tables and desks), or to store things (e.g., cupboards and shelves). Furniture can be a product of design and is considered a form of decorative art. In addition to furniture's functional role, it can serve a symbolic or religious purpose. It can be made from many materials, including metal, plastic, and wood. Furniture can be made using a variety of woodworking joints which often reflect the local culture.",4.25,3.5,4.5,3.0,3.5,4.0,0.7145088911056519,0.23756898939609528
Furniture,meeting_in_progress7,Atelier_à_l'IFB_-_11_&_12_Mars_2020_(3).jpg,About one dozen people are sitting at a large table looking at their laptop computers.,"Furniture refers to movable objects intended to support various human activities such as seating (e.g., chairs, stools, and sofas), eating (tables), and sleeping (e.g., beds). Furniture is also used to hold objects at a convenient height for work (as horizontal surfaces above the ground, such as tables and desks), or to store things (e.g., cupboards and shelves). Furniture can be a product of design and is considered a form of decorative art. In addition to furniture's functional role, it can serve a symbolic or religious purpose. It can be made from many materials, including metal, plastic, and wood. Furniture can be made using a variety of woodworking joints which often reflect the local culture.",3.5,3.5,4.0,,,,0.6135005876421928,0.2407127171754837
Furniture,living_room15,wiki_livingroom.jpg,"This is a room filled with couches, a table, a dresser and more. People are talking.","Furniture refers to movable objects intended to support various human activities such as seating (e.g., chairs, stools, and sofas), eating (tables), and sleeping (e.g., beds). Furniture is also used to hold objects at a convenient height for work (as horizontal surfaces above the ground, such as tables and desks), or to store things (e.g., cupboards and shelves). Furniture can be a product of design and is considered a form of decorative art. In addition to furniture's functional role, it can serve a symbolic or religious purpose. It can be made from many materials, including metal, plastic, and wood. Furniture can be made using a variety of woodworking joints which often reflect the local culture.",2.857142857142857,3.2857142857142856,4.428571428571429,3.5,3.75,4.0,0.554337352514267,0.4815162122249603
Furniture,meeting_in_progress7,Atelier_à_l'IFB_-_11_&_12_Mars_2020_(3).jpg,A large extended work table which is being used in a conference room with many people at the table.,"Furniture refers to movable objects intended to support various human activities such as seating (e.g., chairs, stools, and sofas), eating (tables), and sleeping (e.g., beds). Furniture is also used to hold objects at a convenient height for work (as horizontal surfaces above the ground, such as tables and desks), or to store things (e.g., cupboards and shelves). Furniture can be a product of design and is considered a form of decorative art. In addition to furniture's functional role, it can serve a symbolic or religious purpose. It can be made from many materials, including metal, plastic, and wood. Furniture can be made using a variety of woodworking joints which often reflect the local culture.",5.0,4.5,4.0,,,,0.6007447838783264,0.4270901381969452
Furniture,living_room6,Wohnzimmer_Fallada_1.JPG,A picture of a table made of wood. It is a dining room table with six chairs. The top of the table is wood and oval shaped.,"Furniture refers to movable objects intended to support various human activities such as seating (e.g., chairs, stools, and sofas), eating (tables), and sleeping (e.g., beds). Furniture is also used to hold objects at a convenient height for work (as horizontal surfaces above the ground, such as tables and desks), or to store things (e.g., cupboards and shelves). Furniture can be a product of design and is considered a form of decorative art. In addition to furniture's functional role, it can serve a symbolic or religious purpose. It can be made from many materials, including metal, plastic, and wood. Furniture can be made using a variety of woodworking joints which often reflect the local culture.",4.5,4.25,5.0,,,,0.7285410165786743,0.563073456287384
Furniture,living_room15,wiki_livingroom.jpg,A small group of people chatting in the living room,"Furniture refers to movable objects intended to support various human activities such as seating (e.g., chairs, stools, and sofas), eating (tables), and sleeping (e.g., beds). Furniture is also used to hold objects at a convenient height for work (as horizontal surfaces above the ground, such as tables and desks), or to store things (e.g., cupboards and shelves). Furniture can be a product of design and is considered a form of decorative art. In addition to furniture's functional role, it can serve a symbolic or religious purpose. It can be made from many materials, including metal, plastic, and wood. Furniture can be made using a variety of woodworking joints which often reflect the local culture.",4.0,5.0,5.0,,,,0.6701868027448654,0.208268940448761
Furniture,meeting_in_progress17,1600px-Covariant_Founding_Team_at_Covariant_HQ_Anno_November_2017.jpg,Four people gathered around a white table in an office.,"Furniture refers to movable objects intended to support various human activities such as seating (e.g., chairs, stools, and sofas), eating (tables), and sleeping (e.g., beds). Furniture is also used to hold objects at a convenient height for work (as horizontal surfaces above the ground, such as tables and desks), or to store things (e.g., cupboards and shelves). Furniture can be a product of design and is considered a form of decorative art. In addition to furniture's functional role, it can serve a symbolic or religious purpose. It can be made from many materials, including metal, plastic, and wood. Furniture can be made using a variety of woodworking joints which often reflect the local culture.",3.25,3.5,3.5,,,,0.6482215225696564,0.3412654399871826
Furniture,meeting_in_progress7,Atelier_à_l'IFB_-_11_&_12_Mars_2020_(3).jpg,"An office room with one table, and around 11 or 12 people sitting at the table with laptops and electronics. The people are all men, and are all african.","Furniture refers to movable objects intended to support various human activities such as seating (e.g., chairs, stools, and sofas), eating (tables), and sleeping (e.g., beds). Furniture is also used to hold objects at a convenient height for work (as horizontal surfaces above the ground, such as tables and desks), or to store things (e.g., cupboards and shelves). Furniture can be a product of design and is considered a form of decorative art. In addition to furniture's functional role, it can serve a symbolic or religious purpose. It can be made from many materials, including metal, plastic, and wood. Furniture can be made using a variety of woodworking joints which often reflect the local culture.",4.0,5.0,5.0,,,,0.7687746733427048,0.3442669212818146
Furniture,meeting_in_progress2,La_Trobe_Uni_Wikimeetup_March_2020.jpg,"Men and woman surround a large, rectangular table in an office setting. The office has large windows allowing natural light in. Every worker has an open laptop computer in front of them.","Furniture refers to movable objects intended to support various human activities such as seating (e.g., chairs, stools, and sofas), eating (tables), and sleeping (e.g., beds). Furniture is also used to hold objects at a convenient height for work (as horizontal surfaces above the ground, such as tables and desks), or to store things (e.g., cupboards and shelves). Furniture can be a product of design and is considered a form of decorative art. In addition to furniture's functional role, it can serve a symbolic or religious purpose. It can be made from many materials, including metal, plastic, and wood. Furniture can be made using a variety of woodworking joints which often reflect the local culture.",3.5,4.0,4.0,,,,0.6549210101366043,0.4044702351093292
Furniture,living_room6,Wohnzimmer_Fallada_1.JPG,"The image is that of a dining room, with a white reading room behind it. In the dining room, the table is made of glass and contains a flower decoration in the middle. The flowers are multi-colored. The chairs are wooden and brown and contain a comfortable material when one sits. The room has an old chandelier and the curtains to the left of it are closed. Behind the table is a cabinet containing dishes.","Furniture refers to movable objects intended to support various human activities such as seating (e.g., chairs, stools, and sofas), eating (tables), and sleeping (e.g., beds). Furniture is also used to hold objects at a convenient height for work (as horizontal surfaces above the ground, such as tables and desks), or to store things (e.g., cupboards and shelves). Furniture can be a product of design and is considered a form of decorative art. In addition to furniture's functional role, it can serve a symbolic or religious purpose. It can be made from many materials, including metal, plastic, and wood. Furniture can be made using a variety of woodworking joints which often reflect the local culture.",5.0,5.0,5.0,,,,0.7248103618621826,0.3968483507633209
Furniture,living_room6,Wohnzimmer_Fallada_1.JPG,A typical dining room is shown which features an oval wooden table and chairs.,"Furniture refers to movable objects intended to support various human activities such as seating (e.g., chairs, stools, and sofas), eating (tables), and sleeping (e.g., beds). Furniture is also used to hold objects at a convenient height for work (as horizontal surfaces above the ground, such as tables and desks), or to store things (e.g., cupboards and shelves). Furniture can be a product of design and is considered a form of decorative art. In addition to furniture's functional role, it can serve a symbolic or religious purpose. It can be made from many materials, including metal, plastic, and wood. Furniture can be made using a variety of woodworking joints which often reflect the local culture.",3.0,3.0,3.0,,,,0.7784208655357361,0.5196233987808228
Furniture,meeting_in_progress7,Atelier_à_l'IFB_-_11_&_12_Mars_2020_(3).jpg,A crowded meeting room is shown with a long wooden table and many chairs.,"Furniture refers to movable objects intended to support various human activities such as seating (e.g., chairs, stools, and sofas), eating (tables), and sleeping (e.g., beds). Furniture is also used to hold objects at a convenient height for work (as horizontal surfaces above the ground, such as tables and desks), or to store things (e.g., cupboards and shelves). Furniture can be a product of design and is considered a form of decorative art. In addition to furniture's functional role, it can serve a symbolic or religious purpose. It can be made from many materials, including metal, plastic, and wood. Furniture can be made using a variety of woodworking joints which often reflect the local culture.",3.0,3.0,2.0,,,,0.4966694116592407,0.4183749556541443
Hairstyle,soccer_in_progress10,"1599px-20180920_Fussball,_UEFA_Europa_League,_RB_Leipzig_-_FC_Salzburg_by_Stepro_StP_8051.jpg","A group of soccer players are clashing on the field over the ball, each has a short hairstyle.","A hairstyle, hairdo, or haircut refers to the styling of hair, usually on the human scalp. Sometimes, this could also mean an editing of facial or body hair. The fashioning of hair can be considered an aspect of personal grooming, fashion, and cosmetics, although practical, cultural, and popular considerations also influence some hairstyles.",2.6,2.6,4.4,,,,0.5881106853485107,0.3673178553581238
Hairstyle,soccer_in_progress1,"1599px-Georgios_Ntaviotis_&_Daniel_Souček,_U21_CZE-GRE_2019-10-10.jpg","This image takes place during a professional soccer game. The one man is on both knees after either being fouled, or hitting the ball with his head. There is a crowd in the stands watching.","A hairstyle, hairdo, or haircut refers to the styling of hair, usually on the human scalp. Sometimes, this could also mean an editing of facial or body hair. The fashioning of hair can be considered an aspect of personal grooming, fashion, and cosmetics, although practical, cultural, and popular considerations also influence some hairstyles.",3.0,2.75,4.0,,,,0.7463769614696503,0.08917444944381714
Hairstyle,soccer_in_progress10,"1599px-20180920_Fussball,_UEFA_Europa_League,_RB_Leipzig_-_FC_Salzburg_by_Stepro_StP_8051.jpg",A soccer match with players fighting for the ball.,"A hairstyle, hairdo, or haircut refers to the styling of hair, usually on the human scalp. Sometimes, this could also mean an editing of facial or body hair. The fashioning of hair can be considered an aspect of personal grooming, fashion, and cosmetics, although practical, cultural, and popular considerations also influence some hairstyles.",3.5,3.1666666666666665,3.6666666666666665,,,,0.7173610478639603,0.14108671247959137
Hairstyle,soccer_in_progress10,"1599px-20180920_Fussball,_UEFA_Europa_League,_RB_Leipzig_-_FC_Salzburg_by_Stepro_StP_8051.jpg",Two men on a soccer team sponsored by Red Bull wearing white jerseys are competing in a soccer match. There is a player from another team in a red jersey who is on the ground while a referee in blue is approaching the play.,"A hairstyle, hairdo, or haircut refers to the styling of hair, usually on the human scalp. Sometimes, this could also mean an editing of facial or body hair. The fashioning of hair can be considered an aspect of personal grooming, fashion, and cosmetics, although practical, cultural, and popular considerations also influence some hairstyles.",2.7142857142857144,2.5714285714285716,3.7142857142857144,2.75,2.0,3.5,0.7726487517356873,0.08671083301305771
Hairstyle,soccer_in_progress13,"1599px-20191002_Fußball,_Männer,_UEFA_Champions_League,_RB_Leipzig_-_Olympique_Lyonnais_by_Stepro_StP_0278.jpg","A group of soccer players standing around with different short haircuts, some are buzzed across the top, some are buzzed only on the side.","A hairstyle, hairdo, or haircut refers to the styling of hair, usually on the human scalp. Sometimes, this could also mean an editing of facial or body hair. The fashioning of hair can be considered an aspect of personal grooming, fashion, and cosmetics, although practical, cultural, and popular considerations also influence some hairstyles.",4.0,3.0,5.0,,,,0.5765160173177719,0.4686417877674103
Hairstyle,soccer_in_progress1,"1599px-Georgios_Ntaviotis_&_Daniel_Souček,_U21_CZE-GRE_2019-10-10.jpg",two soccer players on the field,"A hairstyle, hairdo, or haircut refers to the styling of hair, usually on the human scalp. Sometimes, this could also mean an editing of facial or body hair. The fashioning of hair can be considered an aspect of personal grooming, fashion, and cosmetics, although practical, cultural, and popular considerations also influence some hairstyles.",1.8333333333333333,2.1666666666666665,3.3333333333333335,1.25,1.0,3.0,0.6763105094432831,0.059953346848487854
Hairstyle,soccer_in_progress13,"1599px-20191002_Fußball,_Männer,_UEFA_Champions_League,_RB_Leipzig_-_Olympique_Lyonnais_by_Stepro_StP_0278.jpg",A group of men assembled on a soccer field wearing blue uniforms.,"A hairstyle, hairdo, or haircut refers to the styling of hair, usually on the human scalp. Sometimes, this could also mean an editing of facial or body hair. The fashioning of hair can be considered an aspect of personal grooming, fashion, and cosmetics, although practical, cultural, and popular considerations also influence some hairstyles.",2.142857142857143,1.8571428571428572,3.7142857142857144,2.0,1.5,3.0,0.6283758580684662,0.13912683725357056
Hairstyle,soccer_in_progress1,"1599px-Georgios_Ntaviotis_&_Daniel_Souček,_U21_CZE-GRE_2019-10-10.jpg","People in a stand are watching a soccer game. The focus is two players, one on the ground and the other standing behind him as the ball is coming to them.","A hairstyle, hairdo, or haircut refers to the styling of hair, usually on the human scalp. Sometimes, this could also mean an editing of facial or body hair. The fashioning of hair can be considered an aspect of personal grooming, fashion, and cosmetics, although practical, cultural, and popular considerations also influence some hairstyles.",2.2857142857142856,3.4285714285714284,3.2857142857142856,3.0,3.0,3.75,0.7157617062330246,0.10846804082393646
Hairstyle,soccer_in_progress1,"1599px-Georgios_Ntaviotis_&_Daniel_Souček,_U21_CZE-GRE_2019-10-10.jpg","two football players on a field, one falling down while the ball is mid air","A hairstyle, hairdo, or haircut refers to the styling of hair, usually on the human scalp. Sometimes, this could also mean an editing of facial or body hair. The fashioning of hair can be considered an aspect of personal grooming, fashion, and cosmetics, although practical, cultural, and popular considerations also influence some hairstyles.",2.3333333333333335,2.0,3.3333333333333335,,,,0.6484647840261459,0.018078068271279335
Hairstyle,soccer_in_progress13,"1599px-20191002_Fußball,_Männer,_UEFA_Champions_League,_RB_Leipzig_-_Olympique_Lyonnais_by_Stepro_StP_0278.jpg","A football or soccer team celebrating together, all with different haircuts.","A hairstyle, hairdo, or haircut refers to the styling of hair, usually on the human scalp. Sometimes, this could also mean an editing of facial or body hair. The fashioning of hair can be considered an aspect of personal grooming, fashion, and cosmetics, although practical, cultural, and popular considerations also influence some hairstyles.",3.5,2.5,3.5,,,,0.6432700902223587,0.4025688171386719
Hairstyle,soccer_in_progress10,"1599px-20180920_Fussball,_UEFA_Europa_League,_RB_Leipzig_-_FC_Salzburg_by_Stepro_StP_8051.jpg",Three men are playing in a professional soccer game.  One of them in a red shirt has slid to the ground while the two in white shirts are defending.,"A hairstyle, hairdo, or haircut refers to the styling of hair, usually on the human scalp. Sometimes, this could also mean an editing of facial or body hair. The fashioning of hair can be considered an aspect of personal grooming, fashion, and cosmetics, although practical, cultural, and popular considerations also influence some hairstyles.",4.0,3.0,4.5,,,,0.7858435809612274,0.03986501321196556
Hairstyle,soccer_in_progress13,"1599px-20191002_Fußball,_Männer,_UEFA_Champions_League,_RB_Leipzig_-_Olympique_Lyonnais_by_Stepro_StP_0278.jpg",A soccer team is shown on the playing field celebrating. One man is jumping high in the air. There is a man with twists and four more with short cut hair.,"A hairstyle, hairdo, or haircut refers to the styling of hair, usually on the human scalp. Sometimes, this could also mean an editing of facial or body hair. The fashioning of hair can be considered an aspect of personal grooming, fashion, and cosmetics, although practical, cultural, and popular considerations also influence some hairstyles.",2.0,3.0,2.0,,,,0.6133424490690231,0.2660723626613617
Hairstyle,soccer_in_progress13,"1599px-20191002_Fußball,_Männer,_UEFA_Champions_League,_RB_Leipzig_-_Olympique_Lyonnais_by_Stepro_StP_0278.jpg",A group of five men are on a playing field in soccer uniforms. These men are celebrating a win. Four of the men are group closely together and are patting each other on the back. One man is jumping in the air and is completely off the ground,"A hairstyle, hairdo, or haircut refers to the styling of hair, usually on the human scalp. Sometimes, this could also mean an editing of facial or body hair. The fashioning of hair can be considered an aspect of personal grooming, fashion, and cosmetics, although practical, cultural, and popular considerations also influence some hairstyles.",2.0,4.0,5.0,,,,0.6713580340147018,0.18641886115074158
Hairstyle,soccer_in_progress10,"1599px-20180920_Fussball,_UEFA_Europa_League,_RB_Leipzig_-_FC_Salzburg_by_Stepro_StP_8051.jpg","Three soccer plays roughly play in front of a referee. Each man has a different hairdo: long, tousled and even bald!","A hairstyle, hairdo, or haircut refers to the styling of hair, usually on the human scalp. Sometimes, this could also mean an editing of facial or body hair. The fashioning of hair can be considered an aspect of personal grooming, fashion, and cosmetics, although practical, cultural, and popular considerations also influence some hairstyles.",2.75,3.5,4.0,,,,0.5250817164778709,0.4119219481945038
Interior design,living_room15,wiki_livingroom.jpg,A group of people sitting in a living area on a floral couch and chairs.,"Interior design is the art and science of enhancing the interior of a building to achieve a healthier and more aesthetically pleasing environment for the people using the space. An interior designer is someone who plans, researches, coordinates, and manages such enhancement projects. Interior design is a multifaceted profession that includes conceptual development, space planning, site inspections, programming, research, communicating with the stakeholders of a project, construction management, and execution of the design.",3.25,2.75,4.0,,,,0.6315499544143677,0.2701238691806793
Interior design,living_room11,Living_room_at_35_Yowani_Rd_Rosedale_NSW_all_burnt_in_2019-12-19_bushfire.jpg,"a home that is fully furnished with nice chairs and sofa , also two large windows overlooking the living room","Interior design is the art and science of enhancing the interior of a building to achieve a healthier and more aesthetically pleasing environment for the people using the space. An interior designer is someone who plans, researches, coordinates, and manages such enhancement projects. Interior design is a multifaceted profession that includes conceptual development, space planning, site inspections, programming, research, communicating with the stakeholders of a project, construction management, and execution of the design.",3.0,3.0,4.0,,,,0.7157395780086517,0.2483263909816742
Interior design,living_room11,Living_room_at_35_Yowani_Rd_Rosedale_NSW_all_burnt_in_2019-12-19_bushfire.jpg,"A room with two large windows to the rear of it.  In the center of a room is a coffee table.  There are three chairs and a couch arranged around the coffee table.  The chairs and the couch are all matching and appear to be made of wicker, they all have comfortable pillows and cushions on them.  There is a writing desk in the right corner of the room and the wall on the right hand side is lined with shelves that are displaying various decorative pieces.  Hanging from the ceiling is a large round white light fixture made of paper machee.","Interior design is the art and science of enhancing the interior of a building to achieve a healthier and more aesthetically pleasing environment for the people using the space. An interior designer is someone who plans, researches, coordinates, and manages such enhancement projects. Interior design is a multifaceted profession that includes conceptual development, space planning, site inspections, programming, research, communicating with the stakeholders of a project, construction management, and execution of the design.",3.5,4.75,4.75,,,,0.8467397093772888,0.2579463720321655
Interior design,living_room11,Living_room_at_35_Yowani_Rd_Rosedale_NSW_all_burnt_in_2019-12-19_bushfire.jpg,"The interior design of a room. The room is full of wooden furniture including a wood couch, many chairs, a table, and shelves.","Interior design is the art and science of enhancing the interior of a building to achieve a healthier and more aesthetically pleasing environment for the people using the space. An interior designer is someone who plans, researches, coordinates, and manages such enhancement projects. Interior design is a multifaceted profession that includes conceptual development, space planning, site inspections, programming, research, communicating with the stakeholders of a project, construction management, and execution of the design.",4.4,4.6,3.8,3.25,3.5,3.75,0.8097009360790253,0.6049107313156128
Interior design,living_room11,Living_room_at_35_Yowani_Rd_Rosedale_NSW_all_burnt_in_2019-12-19_bushfire.jpg,"The image shows a small living room, which contains a sofa, three chairs, a fireplace, and bookshelves.","Interior design is the art and science of enhancing the interior of a building to achieve a healthier and more aesthetically pleasing environment for the people using the space. An interior designer is someone who plans, researches, coordinates, and manages such enhancement projects. Interior design is a multifaceted profession that includes conceptual development, space planning, site inspections, programming, research, communicating with the stakeholders of a project, construction management, and execution of the design.",4.0,4.0,4.25,,,,0.7705000787973404,0.2756897211074829
Interior design,living_room11,Living_room_at_35_Yowani_Rd_Rosedale_NSW_all_burnt_in_2019-12-19_bushfire.jpg,"A newly designed living room, which includes matching bamboo furniture with one couch, three chairs, one coffee table, and one side table.","Interior design is the art and science of enhancing the interior of a building to achieve a healthier and more aesthetically pleasing environment for the people using the space. An interior designer is someone who plans, researches, coordinates, and manages such enhancement projects. Interior design is a multifaceted profession that includes conceptual development, space planning, site inspections, programming, research, communicating with the stakeholders of a project, construction management, and execution of the design.",4.5,4.5,4.5,,,,0.7281727343797684,0.3298989534378052
Interior design,living_room15,wiki_livingroom.jpg,Three people talk while sitting on couches around a coffee table in a living room.,"Interior design is the art and science of enhancing the interior of a building to achieve a healthier and more aesthetically pleasing environment for the people using the space. An interior designer is someone who plans, researches, coordinates, and manages such enhancement projects. Interior design is a multifaceted profession that includes conceptual development, space planning, site inspections, programming, research, communicating with the stakeholders of a project, construction management, and execution of the design.",4.25,3.25,4.5,3.5,3.0,3.25,0.6969928741455078,0.1711723655462265
Interior design,living_room11,Living_room_at_35_Yowani_Rd_Rosedale_NSW_all_burnt_in_2019-12-19_bushfire.jpg,"A living room with a small TV, three chairs, a sofa, a coffee table, and a bookcase full of knick-knacks","Interior design is the art and science of enhancing the interior of a building to achieve a healthier and more aesthetically pleasing environment for the people using the space. An interior designer is someone who plans, researches, coordinates, and manages such enhancement projects. Interior design is a multifaceted profession that includes conceptual development, space planning, site inspections, programming, research, communicating with the stakeholders of a project, construction management, and execution of the design.",5.0,5.0,5.0,,,,0.741746723651886,0.26312634348869324
Interior design,living_room11,Living_room_at_35_Yowani_Rd_Rosedale_NSW_all_burnt_in_2019-12-19_bushfire.jpg,The interior design of a room includes shelves with decorative objects and a small seating area.,"Interior design is the art and science of enhancing the interior of a building to achieve a healthier and more aesthetically pleasing environment for the people using the space. An interior designer is someone who plans, researches, coordinates, and manages such enhancement projects. Interior design is a multifaceted profession that includes conceptual development, space planning, site inspections, programming, research, communicating with the stakeholders of a project, construction management, and execution of the design.",2.5,2.5,3.0,,,,0.7445623725652695,0.4709587097167969
Interior design,living_room6,Wohnzimmer_Fallada_1.JPG,"The image shows a dining room, with chairs set around a round table, and a china cabinet in the corner, and a chandelier overhead.  A second room with a red bookshelf and chair is visible.","Interior design is the art and science of enhancing the interior of a building to achieve a healthier and more aesthetically pleasing environment for the people using the space. An interior designer is someone who plans, researches, coordinates, and manages such enhancement projects. Interior design is a multifaceted profession that includes conceptual development, space planning, site inspections, programming, research, communicating with the stakeholders of a project, construction management, and execution of the design.",4.166666666666667,4.166666666666667,3.8333333333333335,4.0,3.5,4.25,0.7522319257259369,0.30092430114746094
Interior design,living_room15,wiki_livingroom.jpg,a sitting room with people,"Interior design is the art and science of enhancing the interior of a building to achieve a healthier and more aesthetically pleasing environment for the people using the space. An interior designer is someone who plans, researches, coordinates, and manages such enhancement projects. Interior design is a multifaceted profession that includes conceptual development, space planning, site inspections, programming, research, communicating with the stakeholders of a project, construction management, and execution of the design.",2.0,2.0,3.5,,,,0.7000759989023209,0.23243045806884766
Interior design,living_room6,Wohnzimmer_Fallada_1.JPG,A dining room of a house. There is a round table surrounded by six chairs.,"Interior design is the art and science of enhancing the interior of a building to achieve a healthier and more aesthetically pleasing environment for the people using the space. An interior designer is someone who plans, researches, coordinates, and manages such enhancement projects. Interior design is a multifaceted profession that includes conceptual development, space planning, site inspections, programming, research, communicating with the stakeholders of a project, construction management, and execution of the design.",3.5,3.5,4.0,,,,0.7586173713207245,0.2585589289665222
Interior design,living_room15,wiki_livingroom.jpg,"Three people sit in a living area. They are sitting on flowered patterned couches, which there are two of. In front of them is a brown coffee table. A brick fireplace graces the entire right wall.","Interior design is the art and science of enhancing the interior of a building to achieve a healthier and more aesthetically pleasing environment for the people using the space. An interior designer is someone who plans, researches, coordinates, and manages such enhancement projects. Interior design is a multifaceted profession that includes conceptual development, space planning, site inspections, programming, research, communicating with the stakeholders of a project, construction management, and execution of the design.",3.5,3.5,4.5,,,,0.7973398268222809,0.2759980261325836
Interior design,living_room15,wiki_livingroom.jpg,"A living room with three people sitting on flowery furniture, talking with each other.","Interior design is the art and science of enhancing the interior of a building to achieve a healthier and more aesthetically pleasing environment for the people using the space. An interior designer is someone who plans, researches, coordinates, and manages such enhancement projects. Interior design is a multifaceted profession that includes conceptual development, space planning, site inspections, programming, research, communicating with the stakeholders of a project, construction management, and execution of the design.",3.75,4.0,3.75,,,,0.7477433234453201,0.18846257030963898
Interior design,living_room11,Living_room_at_35_Yowani_Rd_Rosedale_NSW_all_burnt_in_2019-12-19_bushfire.jpg,An interior living room with a couch and chairs arranged around a coffee table facing a fireplace and windows.,"Interior design is the art and science of enhancing the interior of a building to achieve a healthier and more aesthetically pleasing environment for the people using the space. An interior designer is someone who plans, researches, coordinates, and manages such enhancement projects. Interior design is a multifaceted profession that includes conceptual development, space planning, site inspections, programming, research, communicating with the stakeholders of a project, construction management, and execution of the design.",3.6666666666666665,2.6666666666666665,4.666666666666667,,,,0.7477732002735138,0.43719422817230225
Interior design,living_room6,Wohnzimmer_Fallada_1.JPG,The interior view of a dining room.,"Interior design is the art and science of enhancing the interior of a building to achieve a healthier and more aesthetically pleasing environment for the people using the space. An interior designer is someone who plans, researches, coordinates, and manages such enhancement projects. Interior design is a multifaceted profession that includes conceptual development, space planning, site inspections, programming, research, communicating with the stakeholders of a project, construction management, and execution of the design.",3.6666666666666665,3.3333333333333335,3.6666666666666665,1.5,2.0,2.0,0.7653078436851501,0.40791937708854675
Interior design,living_room6,Wohnzimmer_Fallada_1.JPG,"It's the inside of a house with a table, chairs, a bookcase, and windows.","Interior design is the art and science of enhancing the interior of a building to achieve a healthier and more aesthetically pleasing environment for the people using the space. An interior designer is someone who plans, researches, coordinates, and manages such enhancement projects. Interior design is a multifaceted profession that includes conceptual development, space planning, site inspections, programming, research, communicating with the stakeholders of a project, construction management, and execution of the design.",4.25,4.25,4.0,,,,0.7524874061346054,0.42878225445747375
Interior design,living_room6,Wohnzimmer_Fallada_1.JPG,"A dining room with a round, wooden table surrounded by multiple wood chairs. A chandelier hangs above the table and a cabinet filled with tea sets is nearby. The room is connected to another room with full bookcases.","Interior design is the art and science of enhancing the interior of a building to achieve a healthier and more aesthetically pleasing environment for the people using the space. An interior designer is someone who plans, researches, coordinates, and manages such enhancement projects. Interior design is a multifaceted profession that includes conceptual development, space planning, site inspections, programming, research, communicating with the stakeholders of a project, construction management, and execution of the design.",4.75,4.75,4.75,,,,0.7534307241439819,0.2697398066520691
Interior design,living_room11,Living_room_at_35_Yowani_Rd_Rosedale_NSW_all_burnt_in_2019-12-19_bushfire.jpg,"A picture of a well designed living room including a couch, three chairs, a coffee table and a couple small tables.","Interior design is the art and science of enhancing the interior of a building to achieve a healthier and more aesthetically pleasing environment for the people using the space. An interior designer is someone who plans, researches, coordinates, and manages such enhancement projects. Interior design is a multifaceted profession that includes conceptual development, space planning, site inspections, programming, research, communicating with the stakeholders of a project, construction management, and execution of the design.",4.0,3.0,4.0,,,,0.7685062289237976,0.3656858801841736
Montane Ecosystems,mountains16,"Oberaargletscher_from_Oberaar,_2010_07.jpeg",There is a passive set of mountain slopes with snow on top and between two mountains is a rift and a large body of water in forefront.,"Montane ecosystems are found on the slopes of mountains. The alpine climate in these regions strongly affects the ecosystem because temperatures fall as elevation increases, causing the ecosystem to stratify. This stratification is a crucial factor in shaping plant community, biodiversity, metabolic processes and ecosystem dynamics for montane ecosystems. Dense montane forests are common at moderate elevations, due to moderate temperatures and high rainfall. At higher elevations, the climate is harsher, with lower temperatures and higher winds, preventing the growth of trees and causing the plant community to transition to montane grasslands, shrublands or alpine tundra. Due to the unique climate conditions of montane ecosystems, they contain increased numbers of endemic species. Montane ecosystems also exhibit variation in ecosystem services, which include carbon storage and water supply.",3.6,4.0,3.3333333333333335,3.25,3.5,3.75,0.7506097853183746,0.36439526081085205
Montane Ecosystems,mountains18,river.jpeg,A mountainous region with a river winding through it.,"Montane ecosystems are found on the slopes of mountains. The alpine climate in these regions strongly affects the ecosystem because temperatures fall as elevation increases, causing the ecosystem to stratify. This stratification is a crucial factor in shaping plant community, biodiversity, metabolic processes and ecosystem dynamics for montane ecosystems. Dense montane forests are common at moderate elevations, due to moderate temperatures and high rainfall. At higher elevations, the climate is harsher, with lower temperatures and higher winds, preventing the growth of trees and causing the plant community to transition to montane grasslands, shrublands or alpine tundra. Due to the unique climate conditions of montane ecosystems, they contain increased numbers of endemic species. Montane ecosystems also exhibit variation in ecosystem services, which include carbon storage and water supply.",4.333333333333333,4.666666666666667,4.333333333333333,,,,0.6426478922367096,0.3296010196208954
Montane Ecosystems,mountains9,"Lago_de_Como,_Italia,_2016-06-25,_DD_02-06_PAN.jpeg",A large lake is shown that is surrounded by hills and mountains.,"Montane ecosystems are found on the slopes of mountains. The alpine climate in these regions strongly affects the ecosystem because temperatures fall as elevation increases, causing the ecosystem to stratify. This stratification is a crucial factor in shaping plant community, biodiversity, metabolic processes and ecosystem dynamics for montane ecosystems. Dense montane forests are common at moderate elevations, due to moderate temperatures and high rainfall. At higher elevations, the climate is harsher, with lower temperatures and higher winds, preventing the growth of trees and causing the plant community to transition to montane grasslands, shrublands or alpine tundra. Due to the unique climate conditions of montane ecosystems, they contain increased numbers of endemic species. Montane ecosystems also exhibit variation in ecosystem services, which include carbon storage and water supply.",3.0,4.0,4.0,2.25,2.75,4.0,0.6077134981751442,0.20626437664031982
Montane Ecosystems,mountains16,"Oberaargletscher_from_Oberaar,_2010_07.jpeg","Shown is a lake at the bottom of a mountain range. The mountains are high in elevation and contain snow on parts of it. As the snow melts, it enters the lake.","Montane ecosystems are found on the slopes of mountains. The alpine climate in these regions strongly affects the ecosystem because temperatures fall as elevation increases, causing the ecosystem to stratify. This stratification is a crucial factor in shaping plant community, biodiversity, metabolic processes and ecosystem dynamics for montane ecosystems. Dense montane forests are common at moderate elevations, due to moderate temperatures and high rainfall. At higher elevations, the climate is harsher, with lower temperatures and higher winds, preventing the growth of trees and causing the plant community to transition to montane grasslands, shrublands or alpine tundra. Due to the unique climate conditions of montane ecosystems, they contain increased numbers of endemic species. Montane ecosystems also exhibit variation in ecosystem services, which include carbon storage and water supply.",3.909090909090909,4.181818181818182,3.909090909090909,3.75,3.5,4.5,0.7628642022609711,0.26877835392951965
Montane Ecosystems,mountains9,"Lago_de_Como,_Italia,_2016-06-25,_DD_02-06_PAN.jpeg","A body of water in between two sets of mountains, many of which have structures on them.","Montane ecosystems are found on the slopes of mountains. The alpine climate in these regions strongly affects the ecosystem because temperatures fall as elevation increases, causing the ecosystem to stratify. This stratification is a crucial factor in shaping plant community, biodiversity, metabolic processes and ecosystem dynamics for montane ecosystems. Dense montane forests are common at moderate elevations, due to moderate temperatures and high rainfall. At higher elevations, the climate is harsher, with lower temperatures and higher winds, preventing the growth of trees and causing the plant community to transition to montane grasslands, shrublands or alpine tundra. Due to the unique climate conditions of montane ecosystems, they contain increased numbers of endemic species. Montane ecosystems also exhibit variation in ecosystem services, which include carbon storage and water supply.",4.0,4.0,4.0,,,,0.6547234952449799,0.3605295419692993
Montane Ecosystems,mountains18,river.jpeg,Hills that are covered in trees on the edges of a river that runs at the base of them.,"Montane ecosystems are found on the slopes of mountains. The alpine climate in these regions strongly affects the ecosystem because temperatures fall as elevation increases, causing the ecosystem to stratify. This stratification is a crucial factor in shaping plant community, biodiversity, metabolic processes and ecosystem dynamics for montane ecosystems. Dense montane forests are common at moderate elevations, due to moderate temperatures and high rainfall. At higher elevations, the climate is harsher, with lower temperatures and higher winds, preventing the growth of trees and causing the plant community to transition to montane grasslands, shrublands or alpine tundra. Due to the unique climate conditions of montane ecosystems, they contain increased numbers of endemic species. Montane ecosystems also exhibit variation in ecosystem services, which include carbon storage and water supply.",4.0,3.5,3.5,,,,0.6416666507720947,0.42329686880111694
Montane Ecosystems,mountains18,river.jpeg,"There is a large river flowing in between lushes green hills/mountains. These mountains contain oak trees, as well as other types of trees. The mountain in the foreground is darker and it has snow. There are clouds that surround the mountain in the foreground.","Montane ecosystems are found on the slopes of mountains. The alpine climate in these regions strongly affects the ecosystem because temperatures fall as elevation increases, causing the ecosystem to stratify. This stratification is a crucial factor in shaping plant community, biodiversity, metabolic processes and ecosystem dynamics for montane ecosystems. Dense montane forests are common at moderate elevations, due to moderate temperatures and high rainfall. At higher elevations, the climate is harsher, with lower temperatures and higher winds, preventing the growth of trees and causing the plant community to transition to montane grasslands, shrublands or alpine tundra. Due to the unique climate conditions of montane ecosystems, they contain increased numbers of endemic species. Montane ecosystems also exhibit variation in ecosystem services, which include carbon storage and water supply.",5.0,4.0,4.333333333333333,,,,0.7282711565494537,0.3133062720298767
Montane Ecosystems,mountains9,"Lago_de_Como,_Italia,_2016-06-25,_DD_02-06_PAN.jpeg",There are mountains around a body of water that include neighborhoods.,"Montane ecosystems are found on the slopes of mountains. The alpine climate in these regions strongly affects the ecosystem because temperatures fall as elevation increases, causing the ecosystem to stratify. This stratification is a crucial factor in shaping plant community, biodiversity, metabolic processes and ecosystem dynamics for montane ecosystems. Dense montane forests are common at moderate elevations, due to moderate temperatures and high rainfall. At higher elevations, the climate is harsher, with lower temperatures and higher winds, preventing the growth of trees and causing the plant community to transition to montane grasslands, shrublands or alpine tundra. Due to the unique climate conditions of montane ecosystems, they contain increased numbers of endemic species. Montane ecosystems also exhibit variation in ecosystem services, which include carbon storage and water supply.",4.0,2.6666666666666665,3.6666666666666665,,,,0.7129551470279694,0.3653641939163208
Montane Ecosystems,mountains18,river.jpeg,The image shows a large river running through mountains in summer or early fall.,"Montane ecosystems are found on the slopes of mountains. The alpine climate in these regions strongly affects the ecosystem because temperatures fall as elevation increases, causing the ecosystem to stratify. This stratification is a crucial factor in shaping plant community, biodiversity, metabolic processes and ecosystem dynamics for montane ecosystems. Dense montane forests are common at moderate elevations, due to moderate temperatures and high rainfall. At higher elevations, the climate is harsher, with lower temperatures and higher winds, preventing the growth of trees and causing the plant community to transition to montane grasslands, shrublands or alpine tundra. Due to the unique climate conditions of montane ecosystems, they contain increased numbers of endemic species. Montane ecosystems also exhibit variation in ecosystem services, which include carbon storage and water supply.",3.3333333333333335,3.6666666666666665,4.333333333333333,2.5,3.0,2.75,0.6946942210197449,0.28465735912323
Montane Ecosystems,mountains9,"Lago_de_Como,_Italia,_2016-06-25,_DD_02-06_PAN.jpeg",A zoomed out image of the view of a mountain range with a body of water in front. The photo taker stands from another mountain on the other side with many homes at the bottom of the mountains.,"Montane ecosystems are found on the slopes of mountains. The alpine climate in these regions strongly affects the ecosystem because temperatures fall as elevation increases, causing the ecosystem to stratify. This stratification is a crucial factor in shaping plant community, biodiversity, metabolic processes and ecosystem dynamics for montane ecosystems. Dense montane forests are common at moderate elevations, due to moderate temperatures and high rainfall. At higher elevations, the climate is harsher, with lower temperatures and higher winds, preventing the growth of trees and causing the plant community to transition to montane grasslands, shrublands or alpine tundra. Due to the unique climate conditions of montane ecosystems, they contain increased numbers of endemic species. Montane ecosystems also exhibit variation in ecosystem services, which include carbon storage and water supply.",3.0,3.0,4.0,,,,0.6986993551254272,0.226275235414505
Montane Ecosystems,mountains16,"Oberaargletscher_from_Oberaar,_2010_07.jpeg",A very high Montane ecosystem providing little trees and shrubs due to its harsh cold environment and hilly range covered in snow.,"Montane ecosystems are found on the slopes of mountains. The alpine climate in these regions strongly affects the ecosystem because temperatures fall as elevation increases, causing the ecosystem to stratify. This stratification is a crucial factor in shaping plant community, biodiversity, metabolic processes and ecosystem dynamics for montane ecosystems. Dense montane forests are common at moderate elevations, due to moderate temperatures and high rainfall. At higher elevations, the climate is harsher, with lower temperatures and higher winds, preventing the growth of trees and causing the plant community to transition to montane grasslands, shrublands or alpine tundra. Due to the unique climate conditions of montane ecosystems, they contain increased numbers of endemic species. Montane ecosystems also exhibit variation in ecosystem services, which include carbon storage and water supply.",1.3333333333333333,1.6666666666666667,2.3333333333333335,,,,0.61677485704422,0.6498183012008667
Montane Ecosystems,mountains9,"Lago_de_Como,_Italia,_2016-06-25,_DD_02-06_PAN.jpeg","A montane ecosystem is shown, with lush green grass from the high rainfall and from having a body of water nearby.","Montane ecosystems are found on the slopes of mountains. The alpine climate in these regions strongly affects the ecosystem because temperatures fall as elevation increases, causing the ecosystem to stratify. This stratification is a crucial factor in shaping plant community, biodiversity, metabolic processes and ecosystem dynamics for montane ecosystems. Dense montane forests are common at moderate elevations, due to moderate temperatures and high rainfall. At higher elevations, the climate is harsher, with lower temperatures and higher winds, preventing the growth of trees and causing the plant community to transition to montane grasslands, shrublands or alpine tundra. Due to the unique climate conditions of montane ecosystems, they contain increased numbers of endemic species. Montane ecosystems also exhibit variation in ecosystem services, which include carbon storage and water supply.",4.0,4.0,3.0,,,,0.5540225654840469,0.6746059656143188
Montane Ecosystems,mountains9,"Lago_de_Como,_Italia,_2016-06-25,_DD_02-06_PAN.jpeg",A scene of mountain slopes with different slopes separated by a large body of water. The mountain slopes are examples of montane ecosystems.,"Montane ecosystems are found on the slopes of mountains. The alpine climate in these regions strongly affects the ecosystem because temperatures fall as elevation increases, causing the ecosystem to stratify. This stratification is a crucial factor in shaping plant community, biodiversity, metabolic processes and ecosystem dynamics for montane ecosystems. Dense montane forests are common at moderate elevations, due to moderate temperatures and high rainfall. At higher elevations, the climate is harsher, with lower temperatures and higher winds, preventing the growth of trees and causing the plant community to transition to montane grasslands, shrublands or alpine tundra. Due to the unique climate conditions of montane ecosystems, they contain increased numbers of endemic species. Montane ecosystems also exhibit variation in ecosystem services, which include carbon storage and water supply.",4.0,4.25,4.25,,,,0.6511430442333221,0.5888723134994507
Montane Ecosystems,mountains9,"Lago_de_Como,_Italia,_2016-06-25,_DD_02-06_PAN.jpeg",A shot of a hillside town in the day with mountains and a huge lake,"Montane ecosystems are found on the slopes of mountains. The alpine climate in these regions strongly affects the ecosystem because temperatures fall as elevation increases, causing the ecosystem to stratify. This stratification is a crucial factor in shaping plant community, biodiversity, metabolic processes and ecosystem dynamics for montane ecosystems. Dense montane forests are common at moderate elevations, due to moderate temperatures and high rainfall. At higher elevations, the climate is harsher, with lower temperatures and higher winds, preventing the growth of trees and causing the plant community to transition to montane grasslands, shrublands or alpine tundra. Due to the unique climate conditions of montane ecosystems, they contain increased numbers of endemic species. Montane ecosystems also exhibit variation in ecosystem services, which include carbon storage and water supply.",3.5,3.5,4.5,,,,0.7494167983531952,0.1705246865749359
Orogeny,mountains18,river.jpeg,Hills and mountains are shown in the background rising above the curves of a meandering river.,An orogeny is an event that leads to both structural deformation and compositional differentiation of the Earth's lithosphere (crust and uppermost mantle) at convergent plate margins. An orogen or orogenic belt develops when a continental plate crumples and is uplifted to form one or more mountain ranges; this involves a series of geological processes collectively called orogenesis. A synorogenic event is one that occurs during an orogeny.,3.5,4.0,3.5,,,,0.6591866165399551,0.2398582100868225
Orogeny,mountains9,"Lago_de_Como,_Italia,_2016-06-25,_DD_02-06_PAN.jpeg","There is a mountain range with green trees and red-tile-roofed houses in the foreground, a bay in the middle, and another ocean range across the bay in the background. The top of the photo is blue sky and clouds.",An orogeny is an event that leads to both structural deformation and compositional differentiation of the Earth's lithosphere (crust and uppermost mantle) at convergent plate margins. An orogen or orogenic belt develops when a continental plate crumples and is uplifted to form one or more mountain ranges; this involves a series of geological processes collectively called orogenesis. A synorogenic event is one that occurs during an orogeny.,4.25,4.25,5.0,,,,0.6732133030891418,0.09188870340585709
Orogeny,mountains18,river.jpeg,A river flowing through a valley with low hills in the forefront and high snow-peaked mountains in the distance.  The mountain peaks are partially cloud covered.,An orogeny is an event that leads to both structural deformation and compositional differentiation of the Earth's lithosphere (crust and uppermost mantle) at convergent plate margins. An orogen or orogenic belt develops when a continental plate crumples and is uplifted to form one or more mountain ranges; this involves a series of geological processes collectively called orogenesis. A synorogenic event is one that occurs during an orogeny.,4.0,4.0,3.6,3.25,3.25,3.5,0.6404885649681091,0.15410178899765015
Orogeny,mountains9,"Lago_de_Como,_Italia,_2016-06-25,_DD_02-06_PAN.jpeg",Large mountains with populated hillsides with a body of water in the middle.,An orogeny is an event that leads to both structural deformation and compositional differentiation of the Earth's lithosphere (crust and uppermost mantle) at convergent plate margins. An orogen or orogenic belt develops when a continental plate crumples and is uplifted to form one or more mountain ranges; this involves a series of geological processes collectively called orogenesis. A synorogenic event is one that occurs during an orogeny.,4.0,4.5,3.6666666666666665,3.5,2.75,3.5,0.6528665125370026,0.24758684635162354
Orogeny,mountains16,"Oberaargletscher_from_Oberaar,_2010_07.jpeg","A body of water sits in front of a mountainous range, with snow at the top of the mountains. There is also clouds on the right side that is covering part of the mountains.",An orogeny is an event that leads to both structural deformation and compositional differentiation of the Earth's lithosphere (crust and uppermost mantle) at convergent plate margins. An orogen or orogenic belt develops when a continental plate crumples and is uplifted to form one or more mountain ranges; this involves a series of geological processes collectively called orogenesis. A synorogenic event is one that occurs during an orogeny.,4.8,4.4,3.6,,,,0.8017125725746155,0.1290074735879898
Orogeny,mountains18,river.jpeg,"a wilderness scene with pine trees, mountains and a winding river which wraps around hills in the middle of the image.",An orogeny is an event that leads to both structural deformation and compositional differentiation of the Earth's lithosphere (crust and uppermost mantle) at convergent plate margins. An orogen or orogenic belt develops when a continental plate crumples and is uplifted to form one or more mountain ranges; this involves a series of geological processes collectively called orogenesis. A synorogenic event is one that occurs during an orogeny.,3.6,3.6,3.8,,,,0.7390903681516647,0.06278751790523529
Orogeny,mountains16,"Oberaargletscher_from_Oberaar,_2010_07.jpeg",There is a snowy mountain range with a lower path between them.,An orogeny is an event that leads to both structural deformation and compositional differentiation of the Earth's lithosphere (crust and uppermost mantle) at convergent plate margins. An orogen or orogenic belt develops when a continental plate crumples and is uplifted to form one or more mountain ranges; this involves a series of geological processes collectively called orogenesis. A synorogenic event is one that occurs during an orogeny.,3.5555555555555554,3.888888888888889,3.888888888888889,2.5,3.0,4.0,0.657786950469017,0.21097156405448914
Orogeny,mountains9,"Lago_de_Como,_Italia,_2016-06-25,_DD_02-06_PAN.jpeg",A view of the ocean with blue skies and clouds and tall mountains surround the water.,An orogeny is an event that leads to both structural deformation and compositional differentiation of the Earth's lithosphere (crust and uppermost mantle) at convergent plate margins. An orogen or orogenic belt develops when a continental plate crumples and is uplifted to form one or more mountain ranges; this involves a series of geological processes collectively called orogenesis. A synorogenic event is one that occurs during an orogeny.,2.0,1.0,5.0,,,,0.5615685880184174,0.06890451163053513
Orogeny,mountains9,"Lago_de_Como,_Italia,_2016-06-25,_DD_02-06_PAN.jpeg",A view of two mountain ranges with a bay between them.,An orogeny is an event that leads to both structural deformation and compositional differentiation of the Earth's lithosphere (crust and uppermost mantle) at convergent plate margins. An orogen or orogenic belt develops when a continental plate crumples and is uplifted to form one or more mountain ranges; this involves a series of geological processes collectively called orogenesis. A synorogenic event is one that occurs during an orogeny.,3.5,3.75,3.5,,,,0.6482698023319244,0.1691317856311798
Orogeny,mountains18,river.jpeg,A large river is seen from above as it curves around a large hill about 150 feet tall. Snow-capped mountains are in the background.,An orogeny is an event that leads to both structural deformation and compositional differentiation of the Earth's lithosphere (crust and uppermost mantle) at convergent plate margins. An orogen or orogenic belt develops when a continental plate crumples and is uplifted to form one or more mountain ranges; this involves a series of geological processes collectively called orogenesis. A synorogenic event is one that occurs during an orogeny.,3.75,4.0,3.75,2.5,2.0,2.5,0.6857704371213913,0.14065489172935486
Orogeny,mountains9,"Lago_de_Como,_Italia,_2016-06-25,_DD_02-06_PAN.jpeg",A mountain range is shown in the front of the image and the back of the image. A large body of water is in the middle of the two mountain ranges. The clouds are low and it is an overcast day. Houses are scattered within the mountainside,An orogeny is an event that leads to both structural deformation and compositional differentiation of the Earth's lithosphere (crust and uppermost mantle) at convergent plate margins. An orogen or orogenic belt develops when a continental plate crumples and is uplifted to form one or more mountain ranges; this involves a series of geological processes collectively called orogenesis. A synorogenic event is one that occurs during an orogeny.,3.5,3.0,4.5,,,,0.7100065052509308,0.14247699081897736
Orogeny,mountains18,river.jpeg,It's a bunch of trees and a river running through it.,An orogeny is an event that leads to both structural deformation and compositional differentiation of the Earth's lithosphere (crust and uppermost mantle) at convergent plate margins. An orogen or orogenic belt develops when a continental plate crumples and is uplifted to form one or more mountain ranges; this involves a series of geological processes collectively called orogenesis. A synorogenic event is one that occurs during an orogeny.,3.0,2.0,3.5,,,,0.5807631462812424,0.10843043029308319
Orogeny,mountains18,river.jpeg,A view of a mountain that was created through orogeny near a river.,An orogeny is an event that leads to both structural deformation and compositional differentiation of the Earth's lithosphere (crust and uppermost mantle) at convergent plate margins. An orogen or orogenic belt develops when a continental plate crumples and is uplifted to form one or more mountain ranges; this involves a series of geological processes collectively called orogenesis. A synorogenic event is one that occurs during an orogeny.,2.0,2.6666666666666665,1.6666666666666667,,,,0.6476879119873047,0.5166601538658142
Roof,church8,"1443px-Iglesia_Nova_Gracanica,_Trebinje,_Bosnia_y_Herzegovina,_2014-04-14,_DD_04.jpg",a church building,"A roof is the top covering of a building, including all materials and constructions necessary to support it on the walls of the building or on uprights, providing protection against rain, snow, sunlight, extremes of temperature, and wind. A roof is part of the building envelope.",2.375,2.125,3.125,,,,0.6873607635498047,0.3163489103317261
Roof,church4,Dreifaltigkeitskirche_süd.jpg,A church building is shown that has a cemetery in front of it.,"A roof is the top covering of a building, including all materials and constructions necessary to support it on the walls of the building or on uprights, providing protection against rain, snow, sunlight, extremes of temperature, and wind. A roof is part of the building envelope.",2.25,2.5,4.25,,,,0.6768275797367096,0.23717957735061646
Roof,church19,1599px-Paris_Notre-Dame_East_View_02.jpeg,A church is shown with a domed roof and dramatic spires,"A roof is the top covering of a building, including all materials and constructions necessary to support it on the walls of the building or on uprights, providing protection against rain, snow, sunlight, extremes of temperature, and wind. A roof is part of the building envelope.",3.7,3.9,3.9,4.0,4.25,3.75,0.723751038312912,0.4256022572517395
Roof,church8,"1443px-Iglesia_Nova_Gracanica,_Trebinje,_Bosnia_y_Herzegovina,_2014-04-14,_DD_04.jpg","A vintage church building is shown. The building is created out of square tan colored stone with rectangular brick accenting each layer of stone. The church building is constructed on a tiled floor in a lighter tan color. Portions of the roof are flat and there are separated domed, arched sections that are made in varying levels. Three of these sections have large, bright golden crosses on top of them. There are no visible windows but there are sections that contain five small, round holes that may be a window of some type","A roof is the top covering of a building, including all materials and constructions necessary to support it on the walls of the building or on uprights, providing protection against rain, snow, sunlight, extremes of temperature, and wind. A roof is part of the building envelope.",3.6,3.4,4.0,4.5,3.0,4.25,0.6909514963626862,0.39386236667633057
Roof,church4,Dreifaltigkeitskirche_süd.jpg,An old church next to lots of tombstones. The roof of the church is pointy and has a sign of the cross.,"A roof is the top covering of a building, including all materials and constructions necessary to support it on the walls of the building or on uprights, providing protection against rain, snow, sunlight, extremes of temperature, and wind. A roof is part of the building envelope.",4.0,4.666666666666667,3.6666666666666665,,,,0.6520424038171768,0.2975485920906067
Roof,church19,1599px-Paris_Notre-Dame_East_View_02.jpeg,"In the photo you can see a huge cathedral of Gothic architecture in the middle of what appears to be trees, or an elaborate garden. The colors of the cathedral range from ivory to light emerald, without becoming intense. Although it is not done directly incapié, the photo frames the roof of the cathedral.","A roof is the top covering of a building, including all materials and constructions necessary to support it on the walls of the building or on uprights, providing protection against rain, snow, sunlight, extremes of temperature, and wind. A roof is part of the building envelope.",3.0,3.5555555555555554,3.888888888888889,4.25,2.75,4.0,0.8086785674095154,0.20605146884918213
Roof,church19,1599px-Paris_Notre-Dame_East_View_02.jpeg,A building that looks like is made of concrete and steel. It has multiple roof shapes from A-frame to cone shaped.,"A roof is the top covering of a building, including all materials and constructions necessary to support it on the walls of the building or on uprights, providing protection against rain, snow, sunlight, extremes of temperature, and wind. A roof is part of the building envelope.",2.3333333333333335,2.1666666666666665,3.6666666666666665,4.25,3.75,4.25,0.6058104336261749,0.518593966960907
Roof,church4,Dreifaltigkeitskirche_süd.jpg,A tall building that looks like a church with a very large cone atop of it,"A roof is the top covering of a building, including all materials and constructions necessary to support it on the walls of the building or on uprights, providing protection against rain, snow, sunlight, extremes of temperature, and wind. A roof is part of the building envelope.",3.6666666666666665,4.0,4.666666666666667,,,,0.6620390713214874,0.31790584325790405
Roof,church4,Dreifaltigkeitskirche_süd.jpg,"There is an image of an old church, with a cemetary right outside the building. The cemetary has many gray stombstones, and the exterior of the church itself is worn.","A roof is the top covering of a building, including all materials and constructions necessary to support it on the walls of the building or on uprights, providing protection against rain, snow, sunlight, extremes of temperature, and wind. A roof is part of the building envelope.",3.0,2.8,3.8,,,,0.7226082682609558,0.22800743579864502
Tableware,laid_table14,"Thanksgiving_Dinner_Table,_Broward_County_Florida,_1971_02.jpg","A table fully prepared with fancy dishes and silverware, and a white tablecloth. It also has a turkey already cooked on a platter.","Tableware are the dishes or dishware used for setting a table, serving food and dining. It includes cutlery, glassware, serving dishes and other items for practical as well as decorative purposes. The quality, nature, variety and number of objects varies according to culture, religion, number of diners, cuisine and occasion. For example, Middle Eastern, Indian or Polynesian food culture and cuisine sometimes limits tableware to serving dishes, using bread or leaves as individual plates. Cups are not dishes. Special occasions are usually reflected in higher quality tableware.",4.75,5.0,4.75,,,,0.846511721611023,0.5380724668502808
Tableware,laid_table12,"1600px-2019-11-28_14_40_55_A_dinner_table_laid_out_for_Thanksgiving_Dinner_in_the_Parkway_Village_section_of_Ewing_Township,_Mercer_County,_New_Jersey.jpg","A table with plates, cups, bowls, spoons, forks, and knives on it.","Tableware are the dishes or dishware used for setting a table, serving food and dining. It includes cutlery, glassware, serving dishes and other items for practical as well as decorative purposes. The quality, nature, variety and number of objects varies according to culture, religion, number of diners, cuisine and occasion. For example, Middle Eastern, Indian or Polynesian food culture and cuisine sometimes limits tableware to serving dishes, using bread or leaves as individual plates. Cups are not dishes. Special occasions are usually reflected in higher quality tableware.",4.0,4.5,4.25,,,,0.7299898564815521,0.7660034894943237
Tableware,laid_table3,Earth_to_Table_DInner_with_Gunnar_Karl_Gíslason_(15640694895).jpg,"There is a group of seven people (one woman, six men) working in an industrial kitchen setting. These seven people are surrounding a very long, then rectangular black table. The table contains a large amount of white dishes that have a small amount of food on each plate. The people are adding items to each place. Five of the people are wearing server uniforms. One man is wearing a grey hooded sweatshirt and one man is wearing a black shirt","Tableware are the dishes or dishware used for setting a table, serving food and dining. It includes cutlery, glassware, serving dishes and other items for practical as well as decorative purposes. The quality, nature, variety and number of objects varies according to culture, religion, number of diners, cuisine and occasion. For example, Middle Eastern, Indian or Polynesian food culture and cuisine sometimes limits tableware to serving dishes, using bread or leaves as individual plates. Cups are not dishes. Special occasions are usually reflected in higher quality tableware.",2.75,2.5,3.0,,,,0.7045182585716248,0.46450087428092957
Tableware,laid_table3,Earth_to_Table_DInner_with_Gunnar_Karl_Gíslason_(15640694895).jpg,dishes on a table,"Tableware are the dishes or dishware used for setting a table, serving food and dining. It includes cutlery, glassware, serving dishes and other items for practical as well as decorative purposes. The quality, nature, variety and number of objects varies according to culture, religion, number of diners, cuisine and occasion. For example, Middle Eastern, Indian or Polynesian food culture and cuisine sometimes limits tableware to serving dishes, using bread or leaves as individual plates. Cups are not dishes. Special occasions are usually reflected in higher quality tableware.",2.8333333333333335,3.0,3.5,2.5,2.5,2.5,0.5821091681718826,0.6503376960754395
Tableware,laid_table12,"1600px-2019-11-28_14_40_55_A_dinner_table_laid_out_for_Thanksgiving_Dinner_in_the_Parkway_Village_section_of_Ewing_Township,_Mercer_County,_New_Jersey.jpg",A dinner party with many plates of food set on top of a decorated table. There is silverware and white plates and bowls containing food.,"Tableware are the dishes or dishware used for setting a table, serving food and dining. It includes cutlery, glassware, serving dishes and other items for practical as well as decorative purposes. The quality, nature, variety and number of objects varies according to culture, religion, number of diners, cuisine and occasion. For example, Middle Eastern, Indian or Polynesian food culture and cuisine sometimes limits tableware to serving dishes, using bread or leaves as individual plates. Cups are not dishes. Special occasions are usually reflected in higher quality tableware.",4.5,4.25,4.75,,,,0.7233614474534988,0.6379502415657043
Tableware,laid_table12,"1600px-2019-11-28_14_40_55_A_dinner_table_laid_out_for_Thanksgiving_Dinner_in_the_Parkway_Village_section_of_Ewing_Township,_Mercer_County,_New_Jersey.jpg","There is a table set for dinner. The meal consists of some chicken, fruit, potatoes, salad, etc. There is also a picnic patterned placemet over the wood table.","Tableware are the dishes or dishware used for setting a table, serving food and dining. It includes cutlery, glassware, serving dishes and other items for practical as well as decorative purposes. The quality, nature, variety and number of objects varies according to culture, religion, number of diners, cuisine and occasion. For example, Middle Eastern, Indian or Polynesian food culture and cuisine sometimes limits tableware to serving dishes, using bread or leaves as individual plates. Cups are not dishes. Special occasions are usually reflected in higher quality tableware.",3.125,3.25,4.0,3.5,2.75,3.75,0.7501870393753052,0.6062106490135193
Tableware,laid_table3,Earth_to_Table_DInner_with_Gunnar_Karl_Gíslason_(15640694895).jpg,"a group of chefs in a kitchen getting meals ready for an event , they are all dressed in white","Tableware are the dishes or dishware used for setting a table, serving food and dining. It includes cutlery, glassware, serving dishes and other items for practical as well as decorative purposes. The quality, nature, variety and number of objects varies according to culture, religion, number of diners, cuisine and occasion. For example, Middle Eastern, Indian or Polynesian food culture and cuisine sometimes limits tableware to serving dishes, using bread or leaves as individual plates. Cups are not dishes. Special occasions are usually reflected in higher quality tableware.",2.5,2.0,4.125,2.5,2.25,4.0,0.7623828202486038,0.35858893394470215
Tableware,laid_table14,"Thanksgiving_Dinner_Table,_Broward_County_Florida,_1971_02.jpg","a table that is prepared for a dinner with a large turkey and a bottle of wine sitting on it , large bookcase with books in the background as well with a lamp above the table","Tableware are the dishes or dishware used for setting a table, serving food and dining. It includes cutlery, glassware, serving dishes and other items for practical as well as decorative purposes. The quality, nature, variety and number of objects varies according to culture, religion, number of diners, cuisine and occasion. For example, Middle Eastern, Indian or Polynesian food culture and cuisine sometimes limits tableware to serving dishes, using bread or leaves as individual plates. Cups are not dishes. Special occasions are usually reflected in higher quality tableware.",2.3333333333333335,2.3333333333333335,3.3333333333333335,,,,0.9581942856311798,0.516112744808197
Tableware,laid_table3,Earth_to_Table_DInner_with_Gunnar_Karl_Gíslason_(15640694895).jpg,"The image is that of a restaurant's kitchen. There are five cooks and one chef. The cooks and chef are preparing multiple, similar meals on a table. To the left of the chef and cooks is the kitchen, whose equipment is of stainless steel. Behind the equipment is the material needed to prepare the food.","Tableware are the dishes or dishware used for setting a table, serving food and dining. It includes cutlery, glassware, serving dishes and other items for practical as well as decorative purposes. The quality, nature, variety and number of objects varies according to culture, religion, number of diners, cuisine and occasion. For example, Middle Eastern, Indian or Polynesian food culture and cuisine sometimes limits tableware to serving dishes, using bread or leaves as individual plates. Cups are not dishes. Special occasions are usually reflected in higher quality tableware.",3.4,3.4,3.4,3.75,3.75,4.75,0.6513459235429764,0.4797024130821228
Tableware,laid_table14,"Thanksgiving_Dinner_Table,_Broward_County_Florida,_1971_02.jpg","The image shows a table set for a meal, with a turkey and a certerpiece of flowers.  The table is set with glasses, cutlery, plates, and napkins.","Tableware are the dishes or dishware used for setting a table, serving food and dining. It includes cutlery, glassware, serving dishes and other items for practical as well as decorative purposes. The quality, nature, variety and number of objects varies according to culture, religion, number of diners, cuisine and occasion. For example, Middle Eastern, Indian or Polynesian food culture and cuisine sometimes limits tableware to serving dishes, using bread or leaves as individual plates. Cups are not dishes. Special occasions are usually reflected in higher quality tableware.",4.2,4.4,4.4,,,,0.9005209803581238,0.6373568177223206
Tableware,laid_table14,"Thanksgiving_Dinner_Table,_Broward_County_Florida,_1971_02.jpg","A table it set with white plates, each donning flowered patterns. Silverware and wine cups accompany the plates. A large turkey sits towards the center of the table.","Tableware are the dishes or dishware used for setting a table, serving food and dining. It includes cutlery, glassware, serving dishes and other items for practical as well as decorative purposes. The quality, nature, variety and number of objects varies according to culture, religion, number of diners, cuisine and occasion. For example, Middle Eastern, Indian or Polynesian food culture and cuisine sometimes limits tableware to serving dishes, using bread or leaves as individual plates. Cups are not dishes. Special occasions are usually reflected in higher quality tableware.",4.5,4.25,4.5,,,,0.9263943135738373,0.5821737051010132
Tableware,laid_table14,"Thanksgiving_Dinner_Table,_Broward_County_Florida,_1971_02.jpg",Fine China tableware displayed on a dining room table.,"Tableware are the dishes or dishware used for setting a table, serving food and dining. It includes cutlery, glassware, serving dishes and other items for practical as well as decorative purposes. The quality, nature, variety and number of objects varies according to culture, religion, number of diners, cuisine and occasion. For example, Middle Eastern, Indian or Polynesian food culture and cuisine sometimes limits tableware to serving dishes, using bread or leaves as individual plates. Cups are not dishes. Special occasions are usually reflected in higher quality tableware.",4.0,5.0,5.0,,,,0.720922127366066,0.6625167727470398
Tableware,laid_table14,"Thanksgiving_Dinner_Table,_Broward_County_Florida,_1971_02.jpg",Tableware is shown at place settings around a formal dining table with a white tablecloth. A turkey sits on the table.,"Tableware are the dishes or dishware used for setting a table, serving food and dining. It includes cutlery, glassware, serving dishes and other items for practical as well as decorative purposes. The quality, nature, variety and number of objects varies according to culture, religion, number of diners, cuisine and occasion. For example, Middle Eastern, Indian or Polynesian food culture and cuisine sometimes limits tableware to serving dishes, using bread or leaves as individual plates. Cups are not dishes. Special occasions are usually reflected in higher quality tableware.",4.0,4.0,4.0,,,,0.8714236319065094,0.5866947174072266
Window,living_room11,Living_room_at_35_Yowani_Rd_Rosedale_NSW_all_burnt_in_2019-12-19_bushfire.jpg,A living room or den with two large windows that have sliding panes.,"A window is an opening in a wall, door, roof, or vehicle that allows the passage of light and may also allow the passage of sound and sometimes air. Modern windows are usually glazed or covered in some other transparent or translucent material, a sash set in a frame in the opening; the sash and frame are also referred to as a window. Many glazed windows may be opened, to allow ventilation, or closed, to exclude inclement weather. Windows may have a latch or similar mechanism to lock the window shut or to hold it open by various amounts.",4.333333333333333,4.333333333333333,4.666666666666667,4.5,4.25,4.75,0.7898056507110596,0.4286162555217743
Window,living_room15,wiki_livingroom.jpg,A family sitting inside their home with a window closed to the side of them protecting them from the outside weather.,"A window is an opening in a wall, door, roof, or vehicle that allows the passage of light and may also allow the passage of sound and sometimes air. Modern windows are usually glazed or covered in some other transparent or translucent material, a sash set in a frame in the opening; the sash and frame are also referred to as a window. Many glazed windows may be opened, to allow ventilation, or closed, to exclude inclement weather. Windows may have a latch or similar mechanism to lock the window shut or to hold it open by various amounts.",4.0,3.8333333333333335,4.333333333333333,3.5,3.5,3.5,0.6269457191228867,0.4197022318840027
Window,living_room6,Wohnzimmer_Fallada_1.JPG,A kitchen is shown with a large window allowing the daylight to shine through. A curtain is placed over the window to cut back on some of the sunlight. The next room over has no curtain on the window so the sunlight can shine freely through it.,"A window is an opening in a wall, door, roof, or vehicle that allows the passage of light and may also allow the passage of sound and sometimes air. Modern windows are usually glazed or covered in some other transparent or translucent material, a sash set in a frame in the opening; the sash and frame are also referred to as a window. Many glazed windows may be opened, to allow ventilation, or closed, to exclude inclement weather. Windows may have a latch or similar mechanism to lock the window shut or to hold it open by various amounts.",4.333333333333333,4.333333333333333,4.666666666666667,,,,0.750456377863884,0.5661264061927795
Window,living_room11,Living_room_at_35_Yowani_Rd_Rosedale_NSW_all_burnt_in_2019-12-19_bushfire.jpg,A living room is shown with a bamboo couch and chairs with light green cushions arranged aroudn a coffee table. There are two windows at the back wall with their curtains drawn open,"A window is an opening in a wall, door, roof, or vehicle that allows the passage of light and may also allow the passage of sound and sometimes air. Modern windows are usually glazed or covered in some other transparent or translucent material, a sash set in a frame in the opening; the sash and frame are also referred to as a window. Many glazed windows may be opened, to allow ventilation, or closed, to exclude inclement weather. Windows may have a latch or similar mechanism to lock the window shut or to hold it open by various amounts.",3.0,1.5,4.0,,,,0.8121079951524734,0.29909008741378784
Window,living_room15,wiki_livingroom.jpg,three people sit on couches in a living room next to a coffee table.  they are in front of a 3-pane window.,"A window is an opening in a wall, door, roof, or vehicle that allows the passage of light and may also allow the passage of sound and sometimes air. Modern windows are usually glazed or covered in some other transparent or translucent material, a sash set in a frame in the opening; the sash and frame are also referred to as a window. Many glazed windows may be opened, to allow ventilation, or closed, to exclude inclement weather. Windows may have a latch or similar mechanism to lock the window shut or to hold it open by various amounts.",2.5,3.0,5.0,,,,0.6995010375976562,0.257547527551651
Window,living_room6,Wohnzimmer_Fallada_1.JPG,"A dining room with a large window behind the seats of the table on the left wall. A doorway is on the back wall, heading into another lit room by the light coming from the window on the backwall.","A window is an opening in a wall, door, roof, or vehicle that allows the passage of light and may also allow the passage of sound and sometimes air. Modern windows are usually glazed or covered in some other transparent or translucent material, a sash set in a frame in the opening; the sash and frame are also referred to as a window. Many glazed windows may be opened, to allow ventilation, or closed, to exclude inclement weather. Windows may have a latch or similar mechanism to lock the window shut or to hold it open by various amounts.",4.5,4.5,3.5,,,,0.7604791224002838,0.4047672748565674
Window,living_room6,Wohnzimmer_Fallada_1.JPG,"A rustic dining room with a opening to another room in the background. Windows in the back and side, with curtains, let in plenty of natural light.","A window is an opening in a wall, door, roof, or vehicle that allows the passage of light and may also allow the passage of sound and sometimes air. Modern windows are usually glazed or covered in some other transparent or translucent material, a sash set in a frame in the opening; the sash and frame are also referred to as a window. Many glazed windows may be opened, to allow ventilation, or closed, to exclude inclement weather. Windows may have a latch or similar mechanism to lock the window shut or to hold it open by various amounts.",4.333333333333333,4.666666666666667,4.333333333333333,,,,0.7280058413743973,0.3221116065979004
Window,living_room15,wiki_livingroom.jpg,"People sit on a flower decorated sofas, one with his feet up on a coffee table, as sunlight is coming through window.","A window is an opening in a wall, door, roof, or vehicle that allows the passage of light and may also allow the passage of sound and sometimes air. Modern windows are usually glazed or covered in some other transparent or translucent material, a sash set in a frame in the opening; the sash and frame are also referred to as a window. Many glazed windows may be opened, to allow ventilation, or closed, to exclude inclement weather. Windows may have a latch or similar mechanism to lock the window shut or to hold it open by various amounts.",3.3333333333333335,4.0,4.333333333333333,,,,0.6643153727054596,0.30170443654060364
Window,living_room6,Wohnzimmer_Fallada_1.JPG,"The image is of a living room where there is a round wooden dining room with four chairs around. On the left side of the dining room, on the brown wall, is a window covered by a white lace curtain that is being moved by the breeze pass to the house. Behind the dining room, deep in the living room. You can also see another window facing the garden, which is accompanied by a small shelf with a few objects inside.","A window is an opening in a wall, door, roof, or vehicle that allows the passage of light and may also allow the passage of sound and sometimes air. Modern windows are usually glazed or covered in some other transparent or translucent material, a sash set in a frame in the opening; the sash and frame are also referred to as a window. Many glazed windows may be opened, to allow ventilation, or closed, to exclude inclement weather. Windows may have a latch or similar mechanism to lock the window shut or to hold it open by various amounts.",4.0,4.0,4.0,,,,0.7704156637191772,0.398898720741272
Window,living_room15,wiki_livingroom.jpg,Three people are sitting in a sunny living room in front of a fireplace. There is a window with curtains and three panes that the sun is shining through.,"A window is an opening in a wall, door, roof, or vehicle that allows the passage of light and may also allow the passage of sound and sometimes air. Modern windows are usually glazed or covered in some other transparent or translucent material, a sash set in a frame in the opening; the sash and frame are also referred to as a window. Many glazed windows may be opened, to allow ventilation, or closed, to exclude inclement weather. Windows may have a latch or similar mechanism to lock the window shut or to hold it open by various amounts.",4.0,4.0,4.5,,,,0.7025425136089325,0.2299751490354538
Window,living_room11,Living_room_at_35_Yowani_Rd_Rosedale_NSW_all_burnt_in_2019-12-19_bushfire.jpg,Wicker furniture surrounds a coffee table.,"A window is an opening in a wall, door, roof, or vehicle that allows the passage of light and may also allow the passage of sound and sometimes air. Modern windows are usually glazed or covered in some other transparent or translucent material, a sash set in a frame in the opening; the sash and frame are also referred to as a window. Many glazed windows may be opened, to allow ventilation, or closed, to exclude inclement weather. Windows may have a latch or similar mechanism to lock the window shut or to hold it open by various amounts.",1.0,1.0,3.2,1.25,1.25,3.25,0.734931230545044,0.12997525930404663
Window,living_room6,Wohnzimmer_Fallada_1.JPG,"A dining room is shown, with a large glass opening in the wall on the left covered by a sheer white curtain. In an adjacent room is another large glass opening that is uncovered.","A window is an opening in a wall, door, roof, or vehicle that allows the passage of light and may also allow the passage of sound and sometimes air. Modern windows are usually glazed or covered in some other transparent or translucent material, a sash set in a frame in the opening; the sash and frame are also referred to as a window. Many glazed windows may be opened, to allow ventilation, or closed, to exclude inclement weather. Windows may have a latch or similar mechanism to lock the window shut or to hold it open by various amounts.",4.0,4.666666666666667,3.6666666666666665,,,,0.7443347573280334,0.4577607214450836
Window,living_room11,Living_room_at_35_Yowani_Rd_Rosedale_NSW_all_burnt_in_2019-12-19_bushfire.jpg,"A small, cozy living room with three chairs, a couch, a shelf, a coffee table, and a wood stove.  Two large windows are in the back of the room looking out towards some trees.","A window is an opening in a wall, door, roof, or vehicle that allows the passage of light and may also allow the passage of sound and sometimes air. Modern windows are usually glazed or covered in some other transparent or translucent material, a sash set in a frame in the opening; the sash and frame are also referred to as a window. Many glazed windows may be opened, to allow ventilation, or closed, to exclude inclement weather. Windows may have a latch or similar mechanism to lock the window shut or to hold it open by various amounts.",3.4285714285714284,3.4285714285714284,4.571428571428571,4.5,4.0,4.5,0.8483372628688812,0.32591426372528076
Window,living_room15,wiki_livingroom.jpg,This image shows three young males sitting in a den of what looks like a tudor-style home.  There is a brick fireplace on the right side with a large square coffee table across from it.  The seating is arranged around the coffee table and looks like a floral sofa and two matching chairs.  There is a large three-section window at the back of the picture with open drapes.,"A window is an opening in a wall, door, roof, or vehicle that allows the passage of light and may also allow the passage of sound and sometimes air. Modern windows are usually glazed or covered in some other transparent or translucent material, a sash set in a frame in the opening; the sash and frame are also referred to as a window. Many glazed windows may be opened, to allow ventilation, or closed, to exclude inclement weather. Windows may have a latch or similar mechanism to lock the window shut or to hold it open by various amounts.",3.0,5.0,5.0,,,,0.7613959908485413,0.16173800826072693
Window,living_room6,Wohnzimmer_Fallada_1.JPG,A room inside of a house that has a table in it with a glass pane next to it that looks out to some plants.,"A window is an opening in a wall, door, roof, or vehicle that allows the passage of light and may also allow the passage of sound and sometimes air. Modern windows are usually glazed or covered in some other transparent or translucent material, a sash set in a frame in the opening; the sash and frame are also referred to as a window. Many glazed windows may be opened, to allow ventilation, or closed, to exclude inclement weather. Windows may have a latch or similar mechanism to lock the window shut or to hold it open by various amounts.",4.0,3.3333333333333335,4.333333333333333,,,,0.6764933466911316,0.41420915722846985
Window,living_room11,Living_room_at_35_Yowani_Rd_Rosedale_NSW_all_burnt_in_2019-12-19_bushfire.jpg,A living room in a home with furniture and large glass windows showing daylight coming in.,"A window is an opening in a wall, door, roof, or vehicle that allows the passage of light and may also allow the passage of sound and sometimes air. Modern windows are usually glazed or covered in some other transparent or translucent material, a sash set in a frame in the opening; the sash and frame are also referred to as a window. Many glazed windows may be opened, to allow ventilation, or closed, to exclude inclement weather. Windows may have a latch or similar mechanism to lock the window shut or to hold it open by various amounts.",5.0,4.0,5.0,,,,0.8149920403957367,0.43471449613571167
Window,living_room11,Living_room_at_35_Yowani_Rd_Rosedale_NSW_all_burnt_in_2019-12-19_bushfire.jpg,A cozy living room with four large windows allowing the area to be lit up by natural light.,"A window is an opening in a wall, door, roof, or vehicle that allows the passage of light and may also allow the passage of sound and sometimes air. Modern windows are usually glazed or covered in some other transparent or translucent material, a sash set in a frame in the opening; the sash and frame are also referred to as a window. Many glazed windows may be opened, to allow ventilation, or closed, to exclude inclement weather. Windows may have a latch or similar mechanism to lock the window shut or to hold it open by various amounts.",5.0,4.333333333333333,4.666666666666667,,,,0.7364849746227264,0.41213148832321167
Window,living_room6,Wohnzimmer_Fallada_1.JPG,"A dining room with a round table and four chairs in front of a large window with white curtains. Under the window is a white radiator. Behind the table and chairs is a hutch holding dishware. Over the table is a chandelier with five lights. Another room is visible that has a wooden chair in sight with a long shelf holding books. Above the long shelf is a large, paned window","A window is an opening in a wall, door, roof, or vehicle that allows the passage of light and may also allow the passage of sound and sometimes air. Modern windows are usually glazed or covered in some other transparent or translucent material, a sash set in a frame in the opening; the sash and frame are also referred to as a window. Many glazed windows may be opened, to allow ventilation, or closed, to exclude inclement weather. Windows may have a latch or similar mechanism to lock the window shut or to hold it open by various amounts.",2.0,2.6666666666666665,4.0,,,,0.748012587428093,0.34831175208091736
Window,living_room6,Wohnzimmer_Fallada_1.JPG,"A typical American dining room with an oval table, four chairs, and a wooden dining cabinet. To the left is a large curtained window above a white radiator and to the right one can see another room with a multi-paned window above a red bookshelf.","A window is an opening in a wall, door, roof, or vehicle that allows the passage of light and may also allow the passage of sound and sometimes air. Modern windows are usually glazed or covered in some other transparent or translucent material, a sash set in a frame in the opening; the sash and frame are also referred to as a window. Many glazed windows may be opened, to allow ventilation, or closed, to exclude inclement weather. Windows may have a latch or similar mechanism to lock the window shut or to hold it open by various amounts.",3.0,4.0,4.0,,,,0.7779868692159653,0.2658257782459259
Window,living_room6,Wohnzimmer_Fallada_1.JPG,a wooden dining table set with  a large lamp above it with a large window and an open door showing a bookcase full of books nearby,"A window is an opening in a wall, door, roof, or vehicle that allows the passage of light and may also allow the passage of sound and sometimes air. Modern windows are usually glazed or covered in some other transparent or translucent material, a sash set in a frame in the opening; the sash and frame are also referred to as a window. Many glazed windows may be opened, to allow ventilation, or closed, to exclude inclement weather. Windows may have a latch or similar mechanism to lock the window shut or to hold it open by various amounts.",2.0,1.0,4.0,,,,0.7106658071279526,0.3188554644584656
